H:\--\images\Fonts_with_graphics\FontsGraphics1.jpg,H:\--\images\Fonts_with_graphics\FontsGraphics1.jpg
H:\--\images\Fonts_with_graphics\FontsGraphics2.jpg,H:\--\images\Fonts_with_graphics\FontsGraphics2.jpg
H:\--\images\Fonts_with_graphics\FontsGraphics3.jpg,H:\--\images\Fonts_with_graphics\FontsGraphics3.jpg
H:\--\images\Fonts_with_graphics\FontsGraphics4.jpg,H:\--\images\Fonts_with_graphics\FontsGraphics4.jpg
H:\--\images\Fonts_with_graphics\FontsGraphics5.jpg,H:\--\images\Fonts_with_graphics\FontsGraphics5.jpg
H:\--\images\Fonts_with_graphics\FontsGraphics6.jpg,H:\--\images\Fonts_with_graphics\FontsGraphics6.jpg
H:\--\images\Fonts_with_graphics\FontsGraphics7.jpg,H:\--\images\Fonts_with_graphics\FontsGraphics7.jpg
H:\--\images\Fonts_with_graphics\FontsGraphics8.jpg,H:\--\images\Fonts_with_graphics\FontsGraphics8.jpg
H:\--\images\Fonts_with_graphics\FontsGraphics9.jpg,H:\--\images\Fonts_with_graphics\FontsGraphics9.jpg
H:\--\images\Fonts_with_graphics\FontsGraphics10.jpg,H:\--\images\Fonts_with_graphics\FontsGraphics10.jpg
H:\--\images\Fonts_with_graphics\FontsGraphics11.jpg,H:\--\images\Fonts_with_graphics\FontsGraphics11.jpg
H:\--\images\Fonts_with_graphics\FontsGraphics12.jpg,H:\--\images\Fonts_with_graphics\FontsGraphics12.jpg
H:\--\images\Fonts_with_graphics\FontsGraphics13.jpg,H:\--\images\Fonts_with_graphics\FontsGraphics13.jpg
H:\--\images\Fonts_with_graphics\FontsGraphics14.jpg,H:\--\images\Fonts_with_graphics\FontsGraphics14.jpg
H:\--\images\Fonts_with_graphics\FontsGraphics15.jpg,H:\--\images\Fonts_with_graphics\FontsGraphics15.jpg
H:\--\images\Fonts_with_graphics\FontsGraphics16.jpg,H:\--\images\Fonts_with_graphics\FontsGraphics16.jpg
H:\--\images\Fonts_with_graphics\FontsGraphics17.jpg,H:\--\images\Fonts_with_graphics\FontsGraphics17.jpg
H:\--\images\Fonts_with_graphics\FontsGraphics18.jpg,H:\--\images\Fonts_with_graphics\FontsGraphics18.jpg
H:\--\images\Fonts_with_graphics\FontsGraphics19.jpg,H:\--\images\Fonts_with_graphics\FontsGraphics19.jpg
H:\--\images\Fonts_with_graphics\FontsGraphics20.jpg,H:\--\images\Fonts_with_graphics\FontsGraphics20.jpg
H:\--\images\Fonts_with_graphics\FontsGraphics21.jpg,H:\--\images\Fonts_with_graphics\FontsGraphics21.jpg
H:\--\images\Fonts_with_graphics\FontsGraphics22.jpg,H:\--\images\Fonts_with_graphics\FontsGraphics22.jpg
H:\--\images\Fonts_with_graphics\FontsGraphics23.jpg,H:\--\images\Fonts_with_graphics\FontsGraphics23.jpg
H:\--\images\Fonts_with_graphics\FontsGraphics24.jpg,H:\--\images\Fonts_with_graphics\FontsGraphics24.jpg
H:\--\images\Fonts_with_graphics\FontsGraphics25.jpg,H:\--\images\Fonts_with_graphics\FontsGraphics25.jpg
H:\--\images\Fonts_with_graphics\FontsGraphics26.jpg,H:\--\images\Fonts_with_graphics\FontsGraphics26.jpg
H:\--\images\Fonts_with_graphics\FontsGraphics27.jpg,H:\--\images\Fonts_with_graphics\FontsGraphics27.jpg
H:\--\images\Fonts_with_graphics\FontsGraphics28.jpg,H:\--\images\Fonts_with_graphics\FontsGraphics28.jpg
H:\--\images\Fonts_with_graphics\FontsGraphics29.jpg,H:\--\images\Fonts_with_graphics\FontsGraphics29.jpg
H:\--\images\Fonts_with_graphics\FontsGraphics30.jpg,H:\--\images\Fonts_with_graphics\FontsGraphics30.jpg
H:\--\images\Fonts_with_graphics\FontsGraphics31.jpg,H:\--\images\Fonts_with_graphics\FontsGraphics31.jpg
H:\--\images\Fonts_with_graphics\FontsGraphics32.jpg,H:\--\images\Fonts_with_graphics\FontsGraphics32.jpg
H:\--\images\Fonts_with_graphics\FontsGraphics33.jpg,H:\--\images\Fonts_with_graphics\FontsGraphics33.jpg
H:\--\images\Fonts_with_graphics\FontsGraphics34.jpg,H:\--\images\Fonts_with_graphics\FontsGraphics34.jpg
H:\--\images\Fonts_with_graphics\FontsGraphics35.jpg,H:\--\images\Fonts_with_graphics\FontsGraphics35.jpg
H:\--\images\Fonts_with_graphics\FontsGraphics36.jpg,H:\--\images\Fonts_with_graphics\FontsGraphics36.jpg
H:\--\images\Fonts_with_graphics\FontsGraphics37.jpg,H:\--\images\Fonts_with_graphics\FontsGraphics37.jpg
H:\--\images\Fonts_with_graphics\FontsGraphics38.jpg,H:\--\images\Fonts_with_graphics\FontsGraphics38.jpg
H:\--\images\Fonts_with_graphics\FontsGraphics39.jpg,H:\--\images\Fonts_with_graphics\FontsGraphics39.jpg
H:\--\images\Fonts_with_graphics\FontsGraphics40.jpg,H:\--\images\Fonts_with_graphics\FontsGraphics40.jpg
H:\--\images\Fonts_with_graphics\FontsGraphics41.jpg,H:\--\images\Fonts_with_graphics\FontsGraphics41.jpg
H:\--\images\Fonts_with_graphics\FontsGraphics42.jpg,H:\--\images\Fonts_with_graphics\FontsGraphics42.jpg
H:\--\images\Fonts_with_graphics\FontsGraphics43.jpg,H:\--\images\Fonts_with_graphics\FontsGraphics43.jpg
H:\--\images\Fonts_with_graphics\FontsGraphics44.jpg,H:\--\images\Fonts_with_graphics\FontsGraphics44.jpg
H:\--\images\Fonts_with_graphics\FontsGraphics45.jpg,H:\--\images\Fonts_with_graphics\FontsGraphics45.jpg
H:\--\images\Fonts_with_graphics\FontsGraphics46.jpg,H:\--\images\Fonts_with_graphics\FontsGraphics46.jpg
H:\--\images\Fonts_with_graphics\FontsGraphics47.jpg,H:\--\images\Fonts_with_graphics\FontsGraphics47.jpg
H:\--\images\Fonts_with_graphics\FontsGraphics48.jpg,H:\--\images\Fonts_with_graphics\FontsGraphics48.jpg
H:\--\images\Fonts_with_graphics\FontsGraphics49.jpg,H:\--\images\Fonts_with_graphics\FontsGraphics49.jpg
H:\--\images\Fonts_with_graphics\FontsGraphics50.jpg,H:\--\images\Fonts_with_graphics\FontsGraphics50.jpg
H:\--\images\Fonts_with_graphics\FontsGraphics51.jpg,H:\--\images\Fonts_with_graphics\FontsGraphics51.jpg
H:\--\images\Fonts_with_graphics\FontsGraphics52.jpg,H:\--\images\Fonts_with_graphics\FontsGraphics52.jpg
H:\--\images\Fonts_with_graphics\FontsGraphics53.jpg,H:\--\images\Fonts_with_graphics\FontsGraphics53.jpg
H:\--\images\Fonts_with_graphics\FontsGraphics54.jpg,H:\--\images\Fonts_with_graphics\FontsGraphics54.jpg
H:\--\images\Fonts_with_graphics\FontsGraphics55.jpg,H:\--\images\Fonts_with_graphics\FontsGraphics55.jpg
H:\--\images\Fonts_with_graphics\FontsGraphics56.jpg,H:\--\images\Fonts_with_graphics\FontsGraphics56.jpg
H:\--\images\Fonts_with_graphics\FontsGraphics57.jpg,H:\--\images\Fonts_with_graphics\FontsGraphics57.jpg
H:\--\images\Fonts_with_graphics\FontsGraphics58.jpg,H:\--\images\Fonts_with_graphics\FontsGraphics58.jpg
H:\--\images\Fonts_with_graphics\FontsGraphics59.jpg,H:\--\images\Fonts_with_graphics\FontsGraphics59.jpg
H:\--\images\Fonts_with_graphics\FontsGraphics60.jpg,H:\--\images\Fonts_with_graphics\FontsGraphics60.jpg
H:\--\images\Fonts_with_graphics\FontsGraphics61.jpg,H:\--\images\Fonts_with_graphics\FontsGraphics61.jpg
H:\--\images\Fonts_with_graphics\FontsGraphics62.jpg,H:\--\images\Fonts_with_graphics\FontsGraphics62.jpg
H:\--\images\Fonts_with_graphics\FontsGraphics63.jpg,H:\--\images\Fonts_with_graphics\FontsGraphics63.jpg
H:\--\images\Fonts_with_graphics\FontsGraphics64.jpg,H:\--\images\Fonts_with_graphics\FontsGraphics64.jpg
H:\--\images\Fonts_with_graphics\FontsGraphics65.jpg,H:\--\images\Fonts_with_graphics\FontsGraphics65.jpg
H:\--\images\Fonts_with_graphics\FontsGraphics66.jpg,H:\--\images\Fonts_with_graphics\FontsGraphics66.jpg
H:\--\images\Fonts_with_graphics\FontsGraphics67.jpg,H:\--\images\Fonts_with_graphics\FontsGraphics67.jpg
H:\--\images\Fonts_with_graphics\FontsGraphics68.jpg,H:\--\images\Fonts_with_graphics\FontsGraphics68.jpg
H:\--\images\Fonts_with_graphics\FontsGraphics69.jpg,H:\--\images\Fonts_with_graphics\FontsGraphics69.jpg
H:\--\images\Fonts_with_graphics\FontsGraphics70.jpg,H:\--\images\Fonts_with_graphics\FontsGraphics70.jpg
H:\--\images\Fonts_with_graphics\FontsGraphics71.jpg,H:\--\images\Fonts_with_graphics\FontsGraphics71.jpg
H:\--\images\Fonts_with_graphics\FontsGraphics72.jpg,H:\--\images\Fonts_with_graphics\FontsGraphics72.jpg
H:\--\images\Fonts_with_graphics\FontsGraphics73.jpg,H:\--\images\Fonts_with_graphics\FontsGraphics73.jpg
H:\--\images\Fonts_with_graphics\FontsGraphics74.jpg,H:\--\images\Fonts_with_graphics\FontsGraphics74.jpg
H:\--\images\Fonts_with_graphics\FontsGraphics75.jpg,H:\--\images\Fonts_with_graphics\FontsGraphics75.jpg
H:\--\images\Fonts_with_graphics\FontsGraphics76.jpg,H:\--\images\Fonts_with_graphics\FontsGraphics76.jpg
H:\--\images\Fonts_with_graphics\FontsGraphics77.jpg,H:\--\images\Fonts_with_graphics\FontsGraphics77.jpg
H:\--\images\Fonts_with_graphics\FontsGraphics78.jpg,H:\--\images\Fonts_with_graphics\FontsGraphics78.jpg
H:\--\images\Fonts_with_graphics\FontsGraphics79.jpg,H:\--\images\Fonts_with_graphics\FontsGraphics79.jpg
H:\--\images\Fonts_with_graphics\FontsGraphics80.jpg,H:\--\images\Fonts_with_graphics\FontsGraphics80.jpg
H:\--\images\Fonts_with_graphics\FontsGraphics81.jpg,H:\--\images\Fonts_with_graphics\FontsGraphics81.jpg
H:\--\images\Fonts_with_graphics\FontsGraphics82.jpg,H:\--\images\Fonts_with_graphics\FontsGraphics82.jpg
H:\--\images\Fonts_with_graphics\FontsGraphics83.jpg,H:\--\images\Fonts_with_graphics\FontsGraphics83.jpg
H:\--\images\Fonts_with_graphics\FontsGraphics84.jpg,H:\--\images\Fonts_with_graphics\FontsGraphics84.jpg
H:\--\images\Fonts_with_graphics\FontsGraphics85.jpg,H:\--\images\Fonts_with_graphics\FontsGraphics85.jpg
H:\--\images\Fonts_with_graphics\FontsGraphics86.jpg,H:\--\images\Fonts_with_graphics\FontsGraphics86.jpg
H:\--\images\Fonts_with_graphics\FontsGraphics87.jpg,H:\--\images\Fonts_with_graphics\FontsGraphics87.jpg
H:\--\images\Fonts_with_graphics\FontsGraphics88.jpg,H:\--\images\Fonts_with_graphics\FontsGraphics88.jpg
H:\--\images\Fonts_with_graphics\FontsGraphics89.jpg,H:\--\images\Fonts_with_graphics\FontsGraphics89.jpg
H:\--\images\Fonts_with_graphics\FontsGraphics90.jpg,H:\--\images\Fonts_with_graphics\FontsGraphics90.jpg
H:\--\images\Fonts_with_graphics\FontsGraphics91.jpg,H:\--\images\Fonts_with_graphics\FontsGraphics91.jpg
H:\--\images\Fonts_with_graphics\FontsGraphics92.jpg,H:\--\images\Fonts_with_graphics\FontsGraphics92.jpg
H:\--\images\Fonts_with_graphics\FontsGraphics93.jpg,H:\--\images\Fonts_with_graphics\FontsGraphics93.jpg
H:\--\images\Fonts_with_graphics\FontsGraphics94.jpg,H:\--\images\Fonts_with_graphics\FontsGraphics94.jpg
H:\--\images\Fonts_with_graphics\FontsGraphics95.jpg,H:\--\images\Fonts_with_graphics\FontsGraphics95.jpg
H:\--\images\Fonts_with_graphics\FontsGraphics96.jpg,H:\--\images\Fonts_with_graphics\FontsGraphics96.jpg
H:\--\images\Fonts_with_graphics\FontsGraphics97.jpg,H:\--\images\Fonts_with_graphics\FontsGraphics97.jpg
H:\--\images\Fonts_with_graphics\FontsGraphics98.jpg,H:\--\images\Fonts_with_graphics\FontsGraphics98.jpg
H:\--\images\Fonts_with_graphics\FontsGraphics99.jpg,H:\--\images\Fonts_with_graphics\FontsGraphics99.jpg
H:\--\images\Fonts_with_graphics\FontsGraphics100.jpg,H:\--\images\Fonts_with_graphics\FontsGraphics100.jpg
H:\--\images\Fonts_with_graphics\FontsGraphics101.jpg,H:\--\images\Fonts_with_graphics\FontsGraphics101.jpg
H:\--\images\Fonts_with_graphics\FontsGraphics102.jpg,H:\--\images\Fonts_with_graphics\FontsGraphics102.jpg
H:\--\images\Fonts_with_graphics\FontsGraphics103.jpg,H:\--\images\Fonts_with_graphics\FontsGraphics103.jpg
H:\--\images\Fonts_with_graphics\FontsGraphics104.jpg,H:\--\images\Fonts_with_graphics\FontsGraphics104.jpg
H:\--\images\Fonts_with_graphics\FontsGraphics105.jpg,H:\--\images\Fonts_with_graphics\FontsGraphics105.jpg
H:\--\images\Fonts_with_graphics\FontsGraphics106.jpg,H:\--\images\Fonts_with_graphics\FontsGraphics106.jpg
H:\--\images\Fonts_with_graphics\FontsGraphics107.jpg,H:\--\images\Fonts_with_graphics\FontsGraphics107.jpg
H:\--\images\Fonts_with_graphics\FontsGraphics108.jpg,H:\--\images\Fonts_with_graphics\FontsGraphics108.jpg
H:\--\images\Fonts_with_graphics\FontsGraphics109.jpg,H:\--\images\Fonts_with_graphics\FontsGraphics109.jpg
H:\--\images\Fonts_with_graphics\FontsGraphics110.jpg,H:\--\images\Fonts_with_graphics\FontsGraphics110.jpg
H:\--\images\Fonts_with_graphics\FontsGraphics111.jpg,H:\--\images\Fonts_with_graphics\FontsGraphics111.jpg
H:\--\images\Fonts_with_graphics\FontsGraphics112.jpg,H:\--\images\Fonts_with_graphics\FontsGraphics112.jpg
H:\--\images\Fonts_with_graphics\FontsGraphics113.jpg,H:\--\images\Fonts_with_graphics\FontsGraphics113.jpg
H:\--\images\Fonts_with_graphics\FontsGraphics114.jpg,H:\--\images\Fonts_with_graphics\FontsGraphics114.jpg
H:\--\images\Fonts_with_graphics\FontsGraphics115.jpg,H:\--\images\Fonts_with_graphics\FontsGraphics115.jpg
H:\--\images\Fonts_with_graphics\FontsGraphics116.jpg,H:\--\images\Fonts_with_graphics\FontsGraphics116.jpg
H:\--\images\Fonts_with_graphics\FontsGraphics117.jpg,H:\--\images\Fonts_with_graphics\FontsGraphics117.jpg
H:\--\images\Fonts_with_graphics\FontsGraphics118.jpg,H:\--\images\Fonts_with_graphics\FontsGraphics118.jpg
H:\--\images\Fonts_with_graphics\FontsGraphics119.jpg,H:\--\images\Fonts_with_graphics\FontsGraphics119.jpg
H:\--\images\Fonts_with_graphics\FontsGraphics120.jpg,H:\--\images\Fonts_with_graphics\FontsGraphics120.jpg
H:\--\images\Fonts_with_graphics\FontsGraphics121.jpg,H:\--\images\Fonts_with_graphics\FontsGraphics121.jpg
H:\--\images\Fonts_with_graphics\FontsGraphics122.jpg,H:\--\images\Fonts_with_graphics\FontsGraphics122.jpg
H:\--\images\Fonts_with_graphics\FontsGraphics123.jpg,H:\--\images\Fonts_with_graphics\FontsGraphics123.jpg
H:\--\images\Fonts_with_graphics\FontsGraphics124.jpg,H:\--\images\Fonts_with_graphics\FontsGraphics124.jpg
H:\--\images\Fonts_with_graphics\FontsGraphics125.jpg,H:\--\images\Fonts_with_graphics\FontsGraphics125.jpg
H:\--\images\Fonts_with_graphics\FontsGraphics126.jpg,H:\--\images\Fonts_with_graphics\FontsGraphics126.jpg
H:\--\images\Fonts_with_graphics\FontsGraphics127.jpg,H:\--\images\Fonts_with_graphics\FontsGraphics127.jpg
H:\--\images\Fonts_with_graphics\FontsGraphics128.jpg,H:\--\images\Fonts_with_graphics\FontsGraphics128.jpg
H:\--\images\Fonts_with_graphics\FontsGraphics129.jpg,H:\--\images\Fonts_with_graphics\FontsGraphics129.jpg
H:\--\images\Fonts_with_graphics\FontsGraphics130.jpg,H:\--\images\Fonts_with_graphics\FontsGraphics130.jpg
H:\--\images\Fonts_with_graphics\FontsGraphics131.jpg,H:\--\images\Fonts_with_graphics\FontsGraphics131.jpg
H:\--\images\Fonts_with_graphics\FontsGraphics132.jpg,H:\--\images\Fonts_with_graphics\FontsGraphics132.jpg
H:\--\images\Fonts_with_graphics\FontsGraphics133.jpg,H:\--\images\Fonts_with_graphics\FontsGraphics133.jpg
H:\--\images\Fonts_with_graphics\FontsGraphics134.jpg,H:\--\images\Fonts_with_graphics\FontsGraphics134.jpg
H:\--\images\Fonts_with_graphics\FontsGraphics135.jpg,H:\--\images\Fonts_with_graphics\FontsGraphics135.jpg
H:\--\images\Fonts_with_graphics\FontsGraphics136.jpg,H:\--\images\Fonts_with_graphics\FontsGraphics136.jpg
H:\--\images\Fonts_with_graphics\FontsGraphics137.jpg,H:\--\images\Fonts_with_graphics\FontsGraphics137.jpg
H:\--\images\Fonts_with_graphics\FontsGraphics138.jpg,H:\--\images\Fonts_with_graphics\FontsGraphics138.jpg
H:\--\images\Fonts_with_graphics\FontsGraphics139.jpg,H:\--\images\Fonts_with_graphics\FontsGraphics139.jpg
H:\--\images\Fonts_with_graphics\FontsGraphics140.jpg,H:\--\images\Fonts_with_graphics\FontsGraphics140.jpg
H:\--\images\Fonts_with_graphics\FontsGraphics141.jpg,H:\--\images\Fonts_with_graphics\FontsGraphics141.jpg
H:\--\images\Fonts_with_graphics\FontsGraphics142.jpg,H:\--\images\Fonts_with_graphics\FontsGraphics142.jpg
H:\--\images\Fonts_with_graphics\FontsGraphics143.jpg,H:\--\images\Fonts_with_graphics\FontsGraphics143.jpg
H:\--\images\Fonts_with_graphics\FontsGraphics144.jpg,H:\--\images\Fonts_with_graphics\FontsGraphics144.jpg
H:\--\images\Fonts_with_graphics\FontsGraphics145.jpg,H:\--\images\Fonts_with_graphics\FontsGraphics145.jpg
H:\--\images\Fonts_with_graphics\FontsGraphics146.jpg,H:\--\images\Fonts_with_graphics\FontsGraphics146.jpg
H:\--\images\Fonts_with_graphics\FontsGraphics147.jpg,H:\--\images\Fonts_with_graphics\FontsGraphics147.jpg
H:\--\images\Fonts_with_graphics\FontsGraphics148.jpg,H:\--\images\Fonts_with_graphics\FontsGraphics148.jpg
H:\--\images\Fonts_with_graphics\FontsGraphics149.jpg,H:\--\images\Fonts_with_graphics\FontsGraphics149.jpg
H:\--\images\Fonts_with_graphics\FontsGraphics150.jpg,H:\--\images\Fonts_with_graphics\FontsGraphics150.jpg
H:\--\images\Fonts_with_graphics\FontsGraphics151.jpg,H:\--\images\Fonts_with_graphics\FontsGraphics151.jpg
H:\--\images\Fonts_with_graphics\FontsGraphics152.jpg,H:\--\images\Fonts_with_graphics\FontsGraphics152.jpg
H:\--\images\Fonts_with_graphics\FontsGraphics153.jpg,H:\--\images\Fonts_with_graphics\FontsGraphics153.jpg
H:\--\images\Fonts_with_graphics\FontsGraphics154.jpg,H:\--\images\Fonts_with_graphics\FontsGraphics154.jpg
H:\--\images\Fonts_with_graphics\FontsGraphics155.jpg,H:\--\images\Fonts_with_graphics\FontsGraphics155.jpg
H:\--\images\Fonts_with_graphics\FontsGraphics156.jpg,H:\--\images\Fonts_with_graphics\FontsGraphics156.jpg
H:\--\images\Fonts_with_graphics\FontsGraphics157.jpg,H:\--\images\Fonts_with_graphics\FontsGraphics157.jpg
H:\--\images\Fonts_with_graphics\FontsGraphics158.jpg,H:\--\images\Fonts_with_graphics\FontsGraphics158.jpg
H:\--\images\Fonts_with_graphics\FontsGraphics159.jpg,H:\--\images\Fonts_with_graphics\FontsGraphics159.jpg
H:\--\images\Fonts_with_graphics\FontsGraphics160.jpg,H:\--\images\Fonts_with_graphics\FontsGraphics160.jpg
H:\--\images\Fonts_with_graphics\FontsGraphics161.jpg,H:\--\images\Fonts_with_graphics\FontsGraphics161.jpg
H:\--\images\Fonts_with_graphics\FontsGraphics162.jpg,H:\--\images\Fonts_with_graphics\FontsGraphics162.jpg
H:\--\images\Fonts_with_graphics\FontsGraphics163.jpg,H:\--\images\Fonts_with_graphics\FontsGraphics163.jpg
H:\--\images\Fonts_with_graphics\FontsGraphics164.jpg,H:\--\images\Fonts_with_graphics\FontsGraphics164.jpg
H:\--\images\Fonts_with_graphics\FontsGraphics165.jpg,H:\--\images\Fonts_with_graphics\FontsGraphics165.jpg
H:\--\images\Fonts_with_graphics\FontsGraphics166.jpg,H:\--\images\Fonts_with_graphics\FontsGraphics166.jpg
H:\--\images\Fonts_with_graphics\FontsGraphics167.jpg,H:\--\images\Fonts_with_graphics\FontsGraphics167.jpg
H:\--\images\Fonts_with_graphics\FontsGraphics168.jpg,H:\--\images\Fonts_with_graphics\FontsGraphics168.jpg
H:\--\images\Fonts_with_graphics\FontsGraphics169.jpg,H:\--\images\Fonts_with_graphics\FontsGraphics169.jpg
H:\--\images\Fonts_with_graphics\FontsGraphics170.jpg,H:\--\images\Fonts_with_graphics\FontsGraphics170.jpg
H:\--\images\Fonts_with_graphics\FontsGraphics171.jpg,H:\--\images\Fonts_with_graphics\FontsGraphics171.jpg
H:\--\images\Fonts_with_graphics\FontsGraphics172.jpg,H:\--\images\Fonts_with_graphics\FontsGraphics172.jpg
H:\--\images\Fonts_with_graphics\FontsGraphics173.jpg,H:\--\images\Fonts_with_graphics\FontsGraphics173.jpg
H:\--\images\Fonts_with_graphics\FontsGraphics174.jpg,H:\--\images\Fonts_with_graphics\FontsGraphics174.jpg
H:\--\images\Fonts_with_graphics\FontsGraphics175.jpg,H:\--\images\Fonts_with_graphics\FontsGraphics175.jpg
H:\--\images\Fonts_with_graphics\FontsGraphics176.jpg,H:\--\images\Fonts_with_graphics\FontsGraphics176.jpg
H:\--\images\Fonts_with_graphics\FontsGraphics177.jpg,H:\--\images\Fonts_with_graphics\FontsGraphics177.jpg
H:\--\images\Fonts_with_graphics\FontsGraphics178.jpg,H:\--\images\Fonts_with_graphics\FontsGraphics178.jpg
H:\--\images\Fonts_with_graphics\FontsGraphics179.jpg,H:\--\images\Fonts_with_graphics\FontsGraphics179.jpg
H:\--\images\Fonts_with_graphics\FontsGraphics180.jpg,H:\--\images\Fonts_with_graphics\FontsGraphics180.jpg
H:\--\images\Fonts_with_graphics\FontsGraphics181.jpg,H:\--\images\Fonts_with_graphics\FontsGraphics181.jpg
H:\--\images\Fonts_with_graphics\FontsGraphics182.jpg,H:\--\images\Fonts_with_graphics\FontsGraphics182.jpg
H:\--\images\Fonts_with_graphics\FontsGraphics183.jpg,H:\--\images\Fonts_with_graphics\FontsGraphics183.jpg
H:\--\images\Fonts_with_graphics\FontsGraphics184.jpg,H:\--\images\Fonts_with_graphics\FontsGraphics184.jpg
H:\--\images\Fonts_with_graphics\FontsGraphics185.jpg,H:\--\images\Fonts_with_graphics\FontsGraphics185.jpg
H:\--\images\Fonts_with_graphics\FontsGraphics186.jpg,H:\--\images\Fonts_with_graphics\FontsGraphics186.jpg
H:\--\images\Fonts_with_graphics\FontsGraphics187.jpg,H:\--\images\Fonts_with_graphics\FontsGraphics187.jpg
H:\--\images\Fonts_with_graphics\FontsGraphics188.jpg,H:\--\images\Fonts_with_graphics\FontsGraphics188.jpg
H:\--\images\Fonts_with_graphics\FontsGraphics189.jpg,H:\--\images\Fonts_with_graphics\FontsGraphics189.jpg
H:\--\images\Fonts_with_graphics\FontsGraphics190.jpg,H:\--\images\Fonts_with_graphics\FontsGraphics190.jpg
H:\--\images\Fonts_with_graphics\FontsGraphics191.jpg,H:\--\images\Fonts_with_graphics\FontsGraphics191.jpg
H:\--\images\Fonts_with_graphics\FontsGraphics192.jpg,H:\--\images\Fonts_with_graphics\FontsGraphics192.jpg
H:\--\images\Fonts_with_graphics\FontsGraphics193.jpg,H:\--\images\Fonts_with_graphics\FontsGraphics193.jpg
H:\--\images\Fonts_with_graphics\FontsGraphics194.jpg,H:\--\images\Fonts_with_graphics\FontsGraphics194.jpg
H:\--\images\Fonts_with_graphics\FontsGraphics195.jpg,H:\--\images\Fonts_with_graphics\FontsGraphics195.jpg
H:\--\images\Fonts_with_graphics\FontsGraphics196.jpg,H:\--\images\Fonts_with_graphics\FontsGraphics196.jpg
H:\--\images\Fonts_with_graphics\FontsGraphics197.jpg,H:\--\images\Fonts_with_graphics\FontsGraphics197.jpg
H:\--\images\Fonts_with_graphics\FontsGraphics198.jpg,H:\--\images\Fonts_with_graphics\FontsGraphics198.jpg
H:\--\images\Fonts_with_graphics\FontsGraphics199.jpg,H:\--\images\Fonts_with_graphics\FontsGraphics199.jpg
H:\--\images\Fonts_with_graphics\FontsGraphics200.jpg,H:\--\images\Fonts_with_graphics\FontsGraphics200.jpg
H:\--\images\Fonts_with_graphics\FontsGraphics201.jpg,H:\--\images\Fonts_with_graphics\FontsGraphics201.jpg
H:\--\images\Fonts_with_graphics\FontsGraphics202.jpg,H:\--\images\Fonts_with_graphics\FontsGraphics202.jpg
H:\--\images\Fonts_with_graphics\FontsGraphics203.jpg,H:\--\images\Fonts_with_graphics\FontsGraphics203.jpg
H:\--\images\Fonts_with_graphics\FontsGraphics204.jpg,H:\--\images\Fonts_with_graphics\FontsGraphics204.jpg
H:\--\images\Fonts_with_graphics\FontsGraphics205.jpg,H:\--\images\Fonts_with_graphics\FontsGraphics205.jpg
H:\--\images\Fonts_with_graphics\FontsGraphics206.jpg,H:\--\images\Fonts_with_graphics\FontsGraphics206.jpg
H:\--\images\Fonts_with_graphics\FontsGraphics207.jpg,H:\--\images\Fonts_with_graphics\FontsGraphics207.jpg
H:\--\images\Fonts_with_graphics\FontsGraphics208.jpg,H:\--\images\Fonts_with_graphics\FontsGraphics208.jpg
H:\--\images\Fonts_with_graphics\FontsGraphics209.jpg,H:\--\images\Fonts_with_graphics\FontsGraphics209.jpg
H:\--\images\Fonts_with_graphics\FontsGraphics210.jpg,H:\--\images\Fonts_with_graphics\FontsGraphics210.jpg
H:\--\images\Fonts_with_graphics\FontsGraphics211.jpg,H:\--\images\Fonts_with_graphics\FontsGraphics211.jpg
H:\--\images\Fonts_with_graphics\FontsGraphics212.jpg,H:\--\images\Fonts_with_graphics\FontsGraphics212.jpg
H:\--\images\Fonts_with_graphics\FontsGraphics213.jpg,H:\--\images\Fonts_with_graphics\FontsGraphics213.jpg
H:\--\images\Fonts_with_graphics\FontsGraphics214.jpg,H:\--\images\Fonts_with_graphics\FontsGraphics214.jpg
H:\--\images\Fonts_with_graphics\FontsGraphics215.jpg,H:\--\images\Fonts_with_graphics\FontsGraphics215.jpg
H:\--\images\Fonts_with_graphics\FontsGraphics216.jpg,H:\--\images\Fonts_with_graphics\FontsGraphics216.jpg
H:\--\images\Fonts_with_graphics\FontsGraphics217.jpg,H:\--\images\Fonts_with_graphics\FontsGraphics217.jpg
H:\--\images\Fonts_with_graphics\FontsGraphics218.jpg,H:\--\images\Fonts_with_graphics\FontsGraphics218.jpg
H:\--\images\Fonts_with_graphics\FontsGraphics219.jpg,H:\--\images\Fonts_with_graphics\FontsGraphics219.jpg
H:\--\images\Fonts_with_graphics\FontsGraphics220.jpg,H:\--\images\Fonts_with_graphics\FontsGraphics220.jpg
H:\--\images\Fonts_with_graphics\FontsGraphics221.jpg,H:\--\images\Fonts_with_graphics\FontsGraphics221.jpg
H:\--\images\Fonts_with_graphics\FontsGraphics222.jpg,H:\--\images\Fonts_with_graphics\FontsGraphics222.jpg
H:\--\images\Fonts_with_graphics\FontsGraphics223.jpg,H:\--\images\Fonts_with_graphics\FontsGraphics223.jpg
H:\--\images\Fonts_with_graphics\FontsGraphics224.jpg,H:\--\images\Fonts_with_graphics\FontsGraphics224.jpg
H:\--\images\Fonts_with_graphics\FontsGraphics225.jpg,H:\--\images\Fonts_with_graphics\FontsGraphics225.jpg
H:\--\images\Fonts_with_graphics\FontsGraphics226.jpg,H:\--\images\Fonts_with_graphics\FontsGraphics226.jpg
H:\--\images\Fonts_with_graphics\FontsGraphics227.jpg,H:\--\images\Fonts_with_graphics\FontsGraphics227.jpg
H:\--\images\Fonts_with_graphics\FontsGraphics228.jpg,H:\--\images\Fonts_with_graphics\FontsGraphics228.jpg
H:\--\images\Fonts_with_graphics\FontsGraphics229.jpg,H:\--\images\Fonts_with_graphics\FontsGraphics229.jpg
H:\--\images\Fonts_with_graphics\FontsGraphics230.jpg,H:\--\images\Fonts_with_graphics\FontsGraphics230.jpg
H:\--\images\Fonts_with_graphics\FontsGraphics231.jpg,H:\--\images\Fonts_with_graphics\FontsGraphics231.jpg
H:\--\images\Fonts_with_graphics\FontsGraphics232.jpg,H:\--\images\Fonts_with_graphics\FontsGraphics232.jpg
H:\--\images\Fonts_with_graphics\FontsGraphics233.jpg,H:\--\images\Fonts_with_graphics\FontsGraphics233.jpg
H:\--\images\Fonts_with_graphics\FontsGraphics234.jpg,H:\--\images\Fonts_with_graphics\FontsGraphics234.jpg
H:\--\images\Fonts_with_graphics\FontsGraphics235.jpg,H:\--\images\Fonts_with_graphics\FontsGraphics235.jpg
H:\--\images\Fonts_with_graphics\FontsGraphics236.jpg,H:\--\images\Fonts_with_graphics\FontsGraphics236.jpg
H:\--\images\Fonts_with_graphics\FontsGraphics237.jpg,H:\--\images\Fonts_with_graphics\FontsGraphics237.jpg
H:\--\images\Fonts_with_graphics\FontsGraphics238.jpg,H:\--\images\Fonts_with_graphics\FontsGraphics238.jpg
H:\--\images\Fonts_with_graphics\FontsGraphics239.jpg,H:\--\images\Fonts_with_graphics\FontsGraphics239.jpg
H:\--\images\Fonts_with_graphics\FontsGraphics240.jpg,H:\--\images\Fonts_with_graphics\FontsGraphics240.jpg
H:\--\images\Fonts_with_graphics\FontsGraphics241.jpg,H:\--\images\Fonts_with_graphics\FontsGraphics241.jpg
H:\--\images\Fonts_with_graphics\FontsGraphics242.jpg,H:\--\images\Fonts_with_graphics\FontsGraphics242.jpg
H:\--\images\Fonts_with_graphics\FontsGraphics243.jpg,H:\--\images\Fonts_with_graphics\FontsGraphics243.jpg
H:\--\images\Fonts_with_graphics\FontsGraphics244.jpg,H:\--\images\Fonts_with_graphics\FontsGraphics244.jpg
H:\--\images\Fonts_with_graphics\FontsGraphics245.jpg,H:\--\images\Fonts_with_graphics\FontsGraphics245.jpg
H:\--\images\Fonts_with_graphics\FontsGraphics246.jpg,H:\--\images\Fonts_with_graphics\FontsGraphics246.jpg
H:\--\images\Fonts_with_graphics\FontsGraphics247.jpg,H:\--\images\Fonts_with_graphics\FontsGraphics247.jpg
H:\--\images\Fonts_with_graphics\FontsGraphics248.jpg,H:\--\images\Fonts_with_graphics\FontsGraphics248.jpg
H:\--\images\Fonts_with_graphics\FontsGraphics249.jpg,H:\--\images\Fonts_with_graphics\FontsGraphics249.jpg
H:\--\images\Fonts_with_graphics\FontsGraphics250.jpg,H:\--\images\Fonts_with_graphics\FontsGraphics250.jpg
H:\--\images\Fonts_with_graphics\FontsGraphics251.jpg,H:\--\images\Fonts_with_graphics\FontsGraphics251.jpg
H:\--\images\Fonts_with_graphics\FontsGraphics252.jpg,H:\--\images\Fonts_with_graphics\FontsGraphics252.jpg
H:\--\images\Fonts_with_graphics\FontsGraphics253.jpg,H:\--\images\Fonts_with_graphics\FontsGraphics253.jpg
H:\--\images\Fonts_with_graphics\FontsGraphics254.jpg,H:\--\images\Fonts_with_graphics\FontsGraphics254.jpg
H:\--\images\Fonts_with_graphics\FontsGraphics255.jpg,H:\--\images\Fonts_with_graphics\FontsGraphics255.jpg
H:\--\images\Fonts_with_graphics\FontsGraphics256.jpg,H:\--\images\Fonts_with_graphics\FontsGraphics256.jpg
H:\--\images\Fonts_with_graphics\FontsGraphics257.jpg,H:\--\images\Fonts_with_graphics\FontsGraphics257.jpg
H:\--\images\Fonts_with_graphics\FontsGraphics258.jpg,H:\--\images\Fonts_with_graphics\FontsGraphics258.jpg
H:\--\images\Fonts_with_graphics\FontsGraphics259.jpg,H:\--\images\Fonts_with_graphics\FontsGraphics259.jpg
H:\--\images\Fonts_with_graphics\FontsGraphics260.jpg,H:\--\images\Fonts_with_graphics\FontsGraphics260.jpg
H:\--\images\Fonts_with_graphics\FontsGraphics261.jpg,H:\--\images\Fonts_with_graphics\FontsGraphics261.jpg
H:\--\images\Fonts_with_graphics\FontsGraphics262.jpg,H:\--\images\Fonts_with_graphics\FontsGraphics262.jpg
H:\--\images\Fonts_with_graphics\FontsGraphics263.jpg,H:\--\images\Fonts_with_graphics\FontsGraphics263.jpg
H:\--\images\Fonts_with_graphics\FontsGraphics264.jpg,H:\--\images\Fonts_with_graphics\FontsGraphics264.jpg
H:\--\images\Fonts_with_graphics\FontsGraphics265.jpg,H:\--\images\Fonts_with_graphics\FontsGraphics265.jpg
H:\--\images\Fonts_with_graphics\FontsGraphics266.jpg,H:\--\images\Fonts_with_graphics\FontsGraphics266.jpg
H:\--\images\Fonts_with_graphics\FontsGraphics267.jpg,H:\--\images\Fonts_with_graphics\FontsGraphics267.jpg
H:\--\images\Fonts_with_graphics\FontsGraphics268.jpg,H:\--\images\Fonts_with_graphics\FontsGraphics268.jpg
H:\--\images\Fonts_with_graphics\FontsGraphics269.jpg,H:\--\images\Fonts_with_graphics\FontsGraphics269.jpg
H:\--\images\Fonts_with_graphics\FontsGraphics270.jpg,H:\--\images\Fonts_with_graphics\FontsGraphics270.jpg
H:\--\images\Fonts_with_graphics\FontsGraphics271.jpg,H:\--\images\Fonts_with_graphics\FontsGraphics271.jpg
H:\--\images\Fonts_with_graphics\FontsGraphics272.jpg,H:\--\images\Fonts_with_graphics\FontsGraphics272.jpg
H:\--\images\Fonts_with_graphics\FontsGraphics273.jpg,H:\--\images\Fonts_with_graphics\FontsGraphics273.jpg
H:\--\images\Fonts_with_graphics\FontsGraphics274.jpg,H:\--\images\Fonts_with_graphics\FontsGraphics274.jpg
H:\--\images\Fonts_with_graphics\FontsGraphics275.jpg,H:\--\images\Fonts_with_graphics\FontsGraphics275.jpg
H:\--\images\Fonts_with_graphics\FontsGraphics276.jpg,H:\--\images\Fonts_with_graphics\FontsGraphics276.jpg
H:\--\images\Fonts_with_graphics\FontsGraphics277.jpg,H:\--\images\Fonts_with_graphics\FontsGraphics277.jpg
H:\--\images\Fonts_with_graphics\FontsGraphics278.jpg,H:\--\images\Fonts_with_graphics\FontsGraphics278.jpg
H:\--\images\Fonts_with_graphics\FontsGraphics279.jpg,H:\--\images\Fonts_with_graphics\FontsGraphics279.jpg
H:\--\images\Fonts_with_graphics\FontsGraphics280.jpg,H:\--\images\Fonts_with_graphics\FontsGraphics280.jpg
H:\--\images\Fonts_with_graphics\FontsGraphics281.jpg,H:\--\images\Fonts_with_graphics\FontsGraphics281.jpg
H:\--\images\Fonts_with_graphics\FontsGraphics282.jpg,H:\--\images\Fonts_with_graphics\FontsGraphics282.jpg
H:\--\images\Fonts_with_graphics\FontsGraphics283.jpg,H:\--\images\Fonts_with_graphics\FontsGraphics283.jpg
H:\--\images\Fonts_with_graphics\FontsGraphics284.jpg,H:\--\images\Fonts_with_graphics\FontsGraphics284.jpg
H:\--\images\Fonts_with_graphics\FontsGraphics285.jpg,H:\--\images\Fonts_with_graphics\FontsGraphics285.jpg
H:\--\images\Fonts_with_graphics\FontsGraphics286.jpg,H:\--\images\Fonts_with_graphics\FontsGraphics286.jpg
H:\--\images\Fonts_with_graphics\FontsGraphics287.jpg,H:\--\images\Fonts_with_graphics\FontsGraphics287.jpg
H:\--\images\Fonts_with_graphics\FontsGraphics288.jpg,H:\--\images\Fonts_with_graphics\FontsGraphics288.jpg
H:\--\images\Fonts_with_graphics\FontsGraphics289.jpg,H:\--\images\Fonts_with_graphics\FontsGraphics289.jpg
H:\--\images\Fonts_with_graphics\FontsGraphics290.jpg,H:\--\images\Fonts_with_graphics\FontsGraphics290.jpg
H:\--\images\Fonts_with_graphics\FontsGraphics291.jpg,H:\--\images\Fonts_with_graphics\FontsGraphics291.jpg
H:\--\images\Fonts_with_graphics\FontsGraphics292.jpg,H:\--\images\Fonts_with_graphics\FontsGraphics292.jpg
H:\--\images\Fonts_with_graphics\FontsGraphics293.jpg,H:\--\images\Fonts_with_graphics\FontsGraphics293.jpg
H:\--\images\Fonts_with_graphics\FontsGraphics294.jpg,H:\--\images\Fonts_with_graphics\FontsGraphics294.jpg
H:\--\images\Fonts_with_graphics\FontsGraphics295.jpg,H:\--\images\Fonts_with_graphics\FontsGraphics295.jpg
H:\--\images\Fonts_with_graphics\FontsGraphics296.jpg,H:\--\images\Fonts_with_graphics\FontsGraphics296.jpg
H:\--\images\Fonts_with_graphics\FontsGraphics297.jpg,H:\--\images\Fonts_with_graphics\FontsGraphics297.jpg
H:\--\images\Fonts_with_graphics\FontsGraphics298.jpg,H:\--\images\Fonts_with_graphics\FontsGraphics298.jpg
H:\--\images\Fonts_with_graphics\FontsGraphics299.jpg,H:\--\images\Fonts_with_graphics\FontsGraphics299.jpg
H:\--\images\Fonts_with_graphics\FontsGraphics300.jpg,H:\--\images\Fonts_with_graphics\FontsGraphics300.jpg
H:\--\images\Fonts_with_graphics\FontsGraphics301.jpg,H:\--\images\Fonts_with_graphics\FontsGraphics301.jpg
H:\--\images\Fonts_with_graphics\FontsGraphics302.jpg,H:\--\images\Fonts_with_graphics\FontsGraphics302.jpg
H:\--\images\Fonts_with_graphics\FontsGraphics303.jpg,H:\--\images\Fonts_with_graphics\FontsGraphics303.jpg
H:\--\images\Fonts_with_graphics\FontsGraphics304.jpg,H:\--\images\Fonts_with_graphics\FontsGraphics304.jpg
H:\--\images\Fonts_with_graphics\FontsGraphics305.jpg,H:\--\images\Fonts_with_graphics\FontsGraphics305.jpg
H:\--\images\Fonts_with_graphics\FontsGraphics306.jpg,H:\--\images\Fonts_with_graphics\FontsGraphics306.jpg
H:\--\images\Fonts_with_graphics\FontsGraphics307.jpg,H:\--\images\Fonts_with_graphics\FontsGraphics307.jpg
H:\--\images\Fonts_with_graphics\FontsGraphics308.jpg,H:\--\images\Fonts_with_graphics\FontsGraphics308.jpg
H:\--\images\Fonts_with_graphics\FontsGraphics309.jpg,H:\--\images\Fonts_with_graphics\FontsGraphics309.jpg
H:\--\images\Fonts_with_graphics\FontsGraphics310.jpg,H:\--\images\Fonts_with_graphics\FontsGraphics310.jpg
H:\--\images\Fonts_with_graphics\FontsGraphics311.jpg,H:\--\images\Fonts_with_graphics\FontsGraphics311.jpg
H:\--\images\Fonts_with_graphics\FontsGraphics312.jpg,H:\--\images\Fonts_with_graphics\FontsGraphics312.jpg
H:\--\images\Fonts_with_graphics\FontsGraphics313.jpg,H:\--\images\Fonts_with_graphics\FontsGraphics313.jpg
H:\--\images\Fonts_with_graphics\FontsGraphics314.jpg,H:\--\images\Fonts_with_graphics\FontsGraphics314.jpg
H:\--\images\Fonts_with_graphics\FontsGraphics315.jpg,H:\--\images\Fonts_with_graphics\FontsGraphics315.jpg
H:\--\images\Fonts_with_graphics\FontsGraphics316.jpg,H:\--\images\Fonts_with_graphics\FontsGraphics316.jpg
H:\--\images\Fonts_with_graphics\FontsGraphics317.jpg,H:\--\images\Fonts_with_graphics\FontsGraphics317.jpg
H:\--\images\Fonts_with_graphics\FontsGraphics318.jpg,H:\--\images\Fonts_with_graphics\FontsGraphics318.jpg
H:\--\images\Fonts_with_graphics\FontsGraphics319.jpg,H:\--\images\Fonts_with_graphics\FontsGraphics319.jpg
H:\--\images\Fonts_with_graphics\FontsGraphics320.jpg,H:\--\images\Fonts_with_graphics\FontsGraphics320.jpg
H:\--\images\Fonts_with_graphics\FontsGraphics321.jpg,H:\--\images\Fonts_with_graphics\FontsGraphics321.jpg
H:\--\images\Fonts_with_graphics\FontsGraphics322.jpg,H:\--\images\Fonts_with_graphics\FontsGraphics322.jpg
H:\--\images\Fonts_with_graphics\FontsGraphics323.jpg,H:\--\images\Fonts_with_graphics\FontsGraphics323.jpg
H:\--\images\Fonts_with_graphics\FontsGraphics324.jpg,H:\--\images\Fonts_with_graphics\FontsGraphics324.jpg
H:\--\images\Fonts_with_graphics\FontsGraphics325.jpg,H:\--\images\Fonts_with_graphics\FontsGraphics325.jpg
H:\--\images\Fonts_with_graphics\FontsGraphics326.jpg,H:\--\images\Fonts_with_graphics\FontsGraphics326.jpg
H:\--\images\Fonts_with_graphics\FontsGraphics327.jpg,H:\--\images\Fonts_with_graphics\FontsGraphics327.jpg
H:\--\images\Fonts_with_graphics\FontsGraphics328.jpg,H:\--\images\Fonts_with_graphics\FontsGraphics328.jpg
H:\--\images\Fonts_with_graphics\FontsGraphics329.jpg,H:\--\images\Fonts_with_graphics\FontsGraphics329.jpg
H:\--\images\Fonts_with_graphics\FontsGraphics330.jpg,H:\--\images\Fonts_with_graphics\FontsGraphics330.jpg
H:\--\images\Fonts_with_graphics\FontsGraphics331.jpg,H:\--\images\Fonts_with_graphics\FontsGraphics331.jpg
H:\--\images\Fonts_with_graphics\FontsGraphics332.jpg,H:\--\images\Fonts_with_graphics\FontsGraphics332.jpg
H:\--\images\Fonts_with_graphics\FontsGraphics333.jpg,H:\--\images\Fonts_with_graphics\FontsGraphics333.jpg
H:\--\images\Fonts_with_graphics\FontsGraphics334.jpg,H:\--\images\Fonts_with_graphics\FontsGraphics334.jpg
H:\--\images\Fonts_with_graphics\FontsGraphics335.jpg,H:\--\images\Fonts_with_graphics\FontsGraphics335.jpg
H:\--\images\Fonts_with_graphics\FontsGraphics336.jpg,H:\--\images\Fonts_with_graphics\FontsGraphics336.jpg
H:\--\images\Fonts_with_graphics\FontsGraphics337.jpg,H:\--\images\Fonts_with_graphics\FontsGraphics337.jpg
H:\--\images\Fonts_with_graphics\FontsGraphics338.jpg,H:\--\images\Fonts_with_graphics\FontsGraphics338.jpg
H:\--\images\Fonts_with_graphics\FontsGraphics339.jpg,H:\--\images\Fonts_with_graphics\FontsGraphics339.jpg
H:\--\images\Fonts_with_graphics\FontsGraphics340.jpg,H:\--\images\Fonts_with_graphics\FontsGraphics340.jpg
H:\--\images\Fonts_with_graphics\FontsGraphics341.jpg,H:\--\images\Fonts_with_graphics\FontsGraphics341.jpg
H:\--\images\Fonts_with_graphics\FontsGraphics342.jpg,H:\--\images\Fonts_with_graphics\FontsGraphics342.jpg
H:\--\images\Fonts_with_graphics\FontsGraphics343.jpg,H:\--\images\Fonts_with_graphics\FontsGraphics343.jpg
H:\--\images\Fonts_with_graphics\FontsGraphics344.jpg,H:\--\images\Fonts_with_graphics\FontsGraphics344.jpg
H:\--\images\Fonts_with_graphics\FontsGraphics345.jpg,H:\--\images\Fonts_with_graphics\FontsGraphics345.jpg
H:\--\images\Fonts_with_graphics\FontsGraphics346.jpg,H:\--\images\Fonts_with_graphics\FontsGraphics346.jpg
H:\--\images\Fonts_with_graphics\FontsGraphics347.jpg,H:\--\images\Fonts_with_graphics\FontsGraphics347.jpg
H:\--\images\Fonts_with_graphics\FontsGraphics348.jpg,H:\--\images\Fonts_with_graphics\FontsGraphics348.jpg
H:\--\images\Fonts_with_graphics\FontsGraphics349.jpg,H:\--\images\Fonts_with_graphics\FontsGraphics349.jpg
H:\--\images\Fonts_with_graphics\FontsGraphics350.jpg,H:\--\images\Fonts_with_graphics\FontsGraphics350.jpg
H:\--\images\Fonts_with_graphics\FontsGraphics351.jpg,H:\--\images\Fonts_with_graphics\FontsGraphics351.jpg
H:\--\images\Fonts_with_graphics\FontsGraphics352.jpg,H:\--\images\Fonts_with_graphics\FontsGraphics352.jpg
H:\--\images\Fonts_with_graphics\FontsGraphics353.jpg,H:\--\images\Fonts_with_graphics\FontsGraphics353.jpg
H:\--\images\Fonts_with_graphics\FontsGraphics354.jpg,H:\--\images\Fonts_with_graphics\FontsGraphics354.jpg
H:\--\images\Fonts_with_graphics\FontsGraphics355.jpg,H:\--\images\Fonts_with_graphics\FontsGraphics355.jpg
H:\--\images\Fonts_with_graphics\FontsGraphics356.jpg,H:\--\images\Fonts_with_graphics\FontsGraphics356.jpg
H:\--\images\Fonts_with_graphics\FontsGraphics357.jpg,H:\--\images\Fonts_with_graphics\FontsGraphics357.jpg
H:\--\images\Fonts_with_graphics\FontsGraphics358.jpg,H:\--\images\Fonts_with_graphics\FontsGraphics358.jpg
H:\--\images\Fonts_with_graphics\FontsGraphics359.jpg,H:\--\images\Fonts_with_graphics\FontsGraphics359.jpg
H:\--\images\Fonts_with_graphics\FontsGraphics360.jpg,H:\--\images\Fonts_with_graphics\FontsGraphics360.jpg
H:\--\images\Fonts_with_graphics\FontsGraphics361.jpg,H:\--\images\Fonts_with_graphics\FontsGraphics361.jpg
H:\--\images\Fonts_with_graphics\FontsGraphics362.jpg,H:\--\images\Fonts_with_graphics\FontsGraphics362.jpg
H:\--\images\Fonts_with_graphics\FontsGraphics363.jpg,H:\--\images\Fonts_with_graphics\FontsGraphics363.jpg
H:\--\images\Fonts_with_graphics\FontsGraphics364.jpg,H:\--\images\Fonts_with_graphics\FontsGraphics364.jpg
H:\--\images\Fonts_with_graphics\FontsGraphics365.jpg,H:\--\images\Fonts_with_graphics\FontsGraphics365.jpg
H:\--\images\Fonts_with_graphics\FontsGraphics366.jpg,H:\--\images\Fonts_with_graphics\FontsGraphics366.jpg
H:\--\images\Fonts_with_graphics\FontsGraphics367.jpg,H:\--\images\Fonts_with_graphics\FontsGraphics367.jpg
H:\--\images\Fonts_with_graphics\FontsGraphics368.jpg,H:\--\images\Fonts_with_graphics\FontsGraphics368.jpg
H:\--\images\Fonts_with_graphics\FontsGraphics369.jpg,H:\--\images\Fonts_with_graphics\FontsGraphics369.jpg
H:\--\images\Fonts_with_graphics\FontsGraphics370.jpg,H:\--\images\Fonts_with_graphics\FontsGraphics370.jpg
H:\--\images\Fonts_with_graphics\FontsGraphics371.jpg,H:\--\images\Fonts_with_graphics\FontsGraphics371.jpg
H:\--\images\Fonts_with_graphics\FontsGraphics372.jpg,H:\--\images\Fonts_with_graphics\FontsGraphics372.jpg
H:\--\images\Fonts_with_graphics\FontsGraphics373.jpg,H:\--\images\Fonts_with_graphics\FontsGraphics373.jpg
H:\--\images\Fonts_with_graphics\FontsGraphics374.jpg,H:\--\images\Fonts_with_graphics\FontsGraphics374.jpg
H:\--\images\Fonts_with_graphics\FontsGraphics375.jpg,H:\--\images\Fonts_with_graphics\FontsGraphics375.jpg
H:\--\images\Fonts_with_graphics\FontsGraphics376.jpg,H:\--\images\Fonts_with_graphics\FontsGraphics376.jpg
H:\--\images\Fonts_with_graphics\FontsGraphics377.jpg,H:\--\images\Fonts_with_graphics\FontsGraphics377.jpg
H:\--\images\Fonts_with_graphics\FontsGraphics378.jpg,H:\--\images\Fonts_with_graphics\FontsGraphics378.jpg
H:\--\images\Fonts_with_graphics\FontsGraphics379.jpg,H:\--\images\Fonts_with_graphics\FontsGraphics379.jpg
H:\--\images\Fonts_with_graphics\FontsGraphics380.jpg,H:\--\images\Fonts_with_graphics\FontsGraphics380.jpg
H:\--\images\Fonts_with_graphics\FontsGraphics381.jpg,H:\--\images\Fonts_with_graphics\FontsGraphics381.jpg
H:\--\images\Fonts_with_graphics\FontsGraphics382.jpg,H:\--\images\Fonts_with_graphics\FontsGraphics382.jpg
H:\--\images\Fonts_with_graphics\FontsGraphics383.jpg,H:\--\images\Fonts_with_graphics\FontsGraphics383.jpg
H:\--\images\Fonts_with_graphics\FontsGraphics384.jpg,H:\--\images\Fonts_with_graphics\FontsGraphics384.jpg
H:\--\images\Fonts_with_graphics\FontsGraphics385.jpg,H:\--\images\Fonts_with_graphics\FontsGraphics385.jpg
H:\--\images\Fonts_with_graphics\FontsGraphics386.jpg,H:\--\images\Fonts_with_graphics\FontsGraphics386.jpg
H:\--\images\Fonts_with_graphics\FontsGraphics387.jpg,H:\--\images\Fonts_with_graphics\FontsGraphics387.jpg
H:\--\images\Fonts_with_graphics\FontsGraphics388.jpg,H:\--\images\Fonts_with_graphics\FontsGraphics388.jpg
H:\--\images\Fonts_with_graphics\FontsGraphics389.jpg,H:\--\images\Fonts_with_graphics\FontsGraphics389.jpg
H:\--\images\Fonts_with_graphics\FontsGraphics390.jpg,H:\--\images\Fonts_with_graphics\FontsGraphics390.jpg
H:\--\images\Fonts_with_graphics\FontsGraphics391.jpg,H:\--\images\Fonts_with_graphics\FontsGraphics391.jpg
H:\--\images\Fonts_with_graphics\FontsGraphics392.jpg,H:\--\images\Fonts_with_graphics\FontsGraphics392.jpg
H:\--\images\Fonts_with_graphics\FontsGraphics393.jpg,H:\--\images\Fonts_with_graphics\FontsGraphics393.jpg
H:\--\images\Fonts_with_graphics\FontsGraphics394.jpg,H:\--\images\Fonts_with_graphics\FontsGraphics394.jpg
H:\--\images\Fonts_with_graphics\FontsGraphics395.jpg,H:\--\images\Fonts_with_graphics\FontsGraphics395.jpg
H:\--\images\Fonts_with_graphics\FontsGraphics396.jpg,H:\--\images\Fonts_with_graphics\FontsGraphics396.jpg
H:\--\images\Fonts_with_graphics\FontsGraphics397.jpg,H:\--\images\Fonts_with_graphics\FontsGraphics397.jpg
H:\--\images\Fonts_with_graphics\FontsGraphics398.jpg,H:\--\images\Fonts_with_graphics\FontsGraphics398.jpg
H:\--\images\Fonts_with_graphics\FontsGraphics399.jpg,H:\--\images\Fonts_with_graphics\FontsGraphics399.jpg
H:\--\images\Fonts_with_graphics\FontsGraphics400.jpg,H:\--\images\Fonts_with_graphics\FontsGraphics400.jpg
H:\--\images\Fonts_with_graphics\FontsGraphics401.jpg,H:\--\images\Fonts_with_graphics\FontsGraphics401.jpg
H:\--\images\Fonts_with_graphics\FontsGraphics402.jpg,H:\--\images\Fonts_with_graphics\FontsGraphics402.jpg
H:\--\images\Fonts_with_graphics\FontsGraphics403.jpg,H:\--\images\Fonts_with_graphics\FontsGraphics403.jpg
H:\--\images\Fonts_with_graphics\FontsGraphics404.jpg,H:\--\images\Fonts_with_graphics\FontsGraphics404.jpg
H:\--\images\Fonts_with_graphics\FontsGraphics405.jpg,H:\--\images\Fonts_with_graphics\FontsGraphics405.jpg
H:\--\images\Fonts_with_graphics\FontsGraphics406.jpg,H:\--\images\Fonts_with_graphics\FontsGraphics406.jpg
H:\--\images\Fonts_with_graphics\FontsGraphics407.jpg,H:\--\images\Fonts_with_graphics\FontsGraphics407.jpg
H:\--\images\Fonts_with_graphics\FontsGraphics408.jpg,H:\--\images\Fonts_with_graphics\FontsGraphics408.jpg
H:\--\images\Fonts_with_graphics\FontsGraphics409.jpg,H:\--\images\Fonts_with_graphics\FontsGraphics409.jpg
H:\--\images\Fonts_with_graphics\FontsGraphics410.jpg,H:\--\images\Fonts_with_graphics\FontsGraphics410.jpg
H:\--\images\Fonts_with_graphics\FontsGraphics411.jpg,H:\--\images\Fonts_with_graphics\FontsGraphics411.jpg
H:\--\images\Fonts_with_graphics\FontsGraphics412.jpg,H:\--\images\Fonts_with_graphics\FontsGraphics412.jpg
H:\--\images\Fonts_with_graphics\FontsGraphics413.jpg,H:\--\images\Fonts_with_graphics\FontsGraphics413.jpg
H:\--\images\Fonts_with_graphics\FontsGraphics414.jpg,H:\--\images\Fonts_with_graphics\FontsGraphics414.jpg
H:\--\images\Fonts_with_graphics\FontsGraphics415.jpg,H:\--\images\Fonts_with_graphics\FontsGraphics415.jpg
H:\--\images\Fonts_with_graphics\FontsGraphics416.jpg,H:\--\images\Fonts_with_graphics\FontsGraphics416.jpg
H:\--\images\Fonts_with_graphics\FontsGraphics417.jpg,H:\--\images\Fonts_with_graphics\FontsGraphics417.jpg
H:\--\images\Fonts_with_graphics\FontsGraphics418.jpg,H:\--\images\Fonts_with_graphics\FontsGraphics418.jpg
H:\--\images\Fonts_with_graphics\FontsGraphics419.jpg,H:\--\images\Fonts_with_graphics\FontsGraphics419.jpg
H:\--\images\Fonts_with_graphics\FontsGraphics420.jpg,H:\--\images\Fonts_with_graphics\FontsGraphics420.jpg
H:\--\images\Fonts_with_graphics\FontsGraphics421.jpg,H:\--\images\Fonts_with_graphics\FontsGraphics421.jpg
H:\--\images\Fonts_with_graphics\FontsGraphics422.jpg,H:\--\images\Fonts_with_graphics\FontsGraphics422.jpg
H:\--\images\Fonts_with_graphics\FontsGraphics423.jpg,H:\--\images\Fonts_with_graphics\FontsGraphics423.jpg
H:\--\images\Fonts_with_graphics\FontsGraphics424.jpg,H:\--\images\Fonts_with_graphics\FontsGraphics424.jpg
H:\--\images\Fonts_with_graphics\FontsGraphics425.jpg,H:\--\images\Fonts_with_graphics\FontsGraphics425.jpg
H:\--\images\Fonts_with_graphics\FontsGraphics426.jpg,H:\--\images\Fonts_with_graphics\FontsGraphics426.jpg
H:\--\images\Fonts_with_graphics\FontsGraphics427.jpg,H:\--\images\Fonts_with_graphics\FontsGraphics427.jpg
H:\--\images\Fonts_with_graphics\FontsGraphics428.jpg,H:\--\images\Fonts_with_graphics\FontsGraphics428.jpg
H:\--\images\Fonts_with_graphics\FontsGraphics429.jpg,H:\--\images\Fonts_with_graphics\FontsGraphics429.jpg
H:\--\images\Fonts_with_graphics\FontsGraphics430.jpg,H:\--\images\Fonts_with_graphics\FontsGraphics430.jpg
H:\--\images\Fonts_with_graphics\FontsGraphics431.jpg,H:\--\images\Fonts_with_graphics\FontsGraphics431.jpg
H:\--\images\Fonts_with_graphics\FontsGraphics432.jpg,H:\--\images\Fonts_with_graphics\FontsGraphics432.jpg
H:\--\images\Fonts_with_graphics\FontsGraphics433.jpg,H:\--\images\Fonts_with_graphics\FontsGraphics433.jpg
H:\--\images\Fonts_with_graphics\FontsGraphics434.jpg,H:\--\images\Fonts_with_graphics\FontsGraphics434.jpg
H:\--\images\Fonts_with_graphics\FontsGraphics435.jpg,H:\--\images\Fonts_with_graphics\FontsGraphics435.jpg
H:\--\images\Fonts_with_graphics\FontsGraphics436.jpg,H:\--\images\Fonts_with_graphics\FontsGraphics436.jpg
H:\--\images\Fonts_with_graphics\FontsGraphics437.jpg,H:\--\images\Fonts_with_graphics\FontsGraphics437.jpg
H:\--\images\Fonts_with_graphics\FontsGraphics438.jpg,H:\--\images\Fonts_with_graphics\FontsGraphics438.jpg
H:\--\images\Fonts_with_graphics\FontsGraphics439.jpg,H:\--\images\Fonts_with_graphics\FontsGraphics439.jpg
H:\--\images\Fonts_with_graphics\FontsGraphics440.jpg,H:\--\images\Fonts_with_graphics\FontsGraphics440.jpg
H:\--\images\Fonts_with_graphics\FontsGraphics441.jpg,H:\--\images\Fonts_with_graphics\FontsGraphics441.jpg
H:\--\images\Fonts_with_graphics\FontsGraphics442.jpg,H:\--\images\Fonts_with_graphics\FontsGraphics442.jpg
H:\--\images\Fonts_with_graphics\FontsGraphics443.jpg,H:\--\images\Fonts_with_graphics\FontsGraphics443.jpg
H:\--\images\Fonts_with_graphics\FontsGraphics444.jpg,H:\--\images\Fonts_with_graphics\FontsGraphics444.jpg
H:\--\images\Fonts_with_graphics\FontsGraphics445.jpg,H:\--\images\Fonts_with_graphics\FontsGraphics445.jpg
H:\--\images\Fonts_with_graphics\FontsGraphics446.jpg,H:\--\images\Fonts_with_graphics\FontsGraphics446.jpg
H:\--\images\Fonts_with_graphics\FontsGraphics447.jpg,H:\--\images\Fonts_with_graphics\FontsGraphics447.jpg
H:\--\images\Fonts_with_graphics\FontsGraphics448.jpg,H:\--\images\Fonts_with_graphics\FontsGraphics448.jpg
H:\--\images\Fonts_with_graphics\FontsGraphics449.jpg,H:\--\images\Fonts_with_graphics\FontsGraphics449.jpg
H:\--\images\Fonts_with_graphics\FontsGraphics450.jpg,H:\--\images\Fonts_with_graphics\FontsGraphics450.jpg
H:\--\images\Fonts_with_graphics\FontsGraphics451.jpg,H:\--\images\Fonts_with_graphics\FontsGraphics451.jpg
H:\--\images\Fonts_with_graphics\FontsGraphics452.jpg,H:\--\images\Fonts_with_graphics\FontsGraphics452.jpg
H:\--\images\Fonts_with_graphics\FontsGraphics453.jpg,H:\--\images\Fonts_with_graphics\FontsGraphics453.jpg
H:\--\images\Fonts_with_graphics\FontsGraphics454.jpg,H:\--\images\Fonts_with_graphics\FontsGraphics454.jpg
H:\--\images\Fonts_with_graphics\FontsGraphics455.jpg,H:\--\images\Fonts_with_graphics\FontsGraphics455.jpg
H:\--\images\Fonts_with_graphics\FontsGraphics456.jpg,H:\--\images\Fonts_with_graphics\FontsGraphics456.jpg
H:\--\images\Fonts_with_graphics\FontsGraphics457.jpg,H:\--\images\Fonts_with_graphics\FontsGraphics457.jpg
H:\--\images\Fonts_with_graphics\FontsGraphics458.jpg,H:\--\images\Fonts_with_graphics\FontsGraphics458.jpg
H:\--\images\Fonts_with_graphics\FontsGraphics459.jpg,H:\--\images\Fonts_with_graphics\FontsGraphics459.jpg
H:\--\images\Fonts_with_graphics\FontsGraphics460.jpg,H:\--\images\Fonts_with_graphics\FontsGraphics460.jpg
H:\--\images\Fonts_with_graphics\FontsGraphics461.jpg,H:\--\images\Fonts_with_graphics\FontsGraphics461.jpg
H:\--\images\Fonts_with_graphics\FontsGraphics462.jpg,H:\--\images\Fonts_with_graphics\FontsGraphics462.jpg
H:\--\images\Fonts_with_graphics\FontsGraphics463.jpg,H:\--\images\Fonts_with_graphics\FontsGraphics463.jpg
H:\--\images\Fonts_with_graphics\FontsGraphics464.jpg,H:\--\images\Fonts_with_graphics\FontsGraphics464.jpg
H:\--\images\Fonts_with_graphics\FontsGraphics465.jpg,H:\--\images\Fonts_with_graphics\FontsGraphics465.jpg
H:\--\images\Fonts_with_graphics\FontsGraphics466.jpg,H:\--\images\Fonts_with_graphics\FontsGraphics466.jpg
H:\--\images\Fonts_with_graphics\FontsGraphics467.jpg,H:\--\images\Fonts_with_graphics\FontsGraphics467.jpg
H:\--\images\Fonts_with_graphics\FontsGraphics468.jpg,H:\--\images\Fonts_with_graphics\FontsGraphics468.jpg
H:\--\images\Fonts_with_graphics\FontsGraphics469.jpg,H:\--\images\Fonts_with_graphics\FontsGraphics469.jpg
H:\--\images\Fonts_with_graphics\FontsGraphics470.jpg,H:\--\images\Fonts_with_graphics\FontsGraphics470.jpg
H:\--\images\Fonts_with_graphics\FontsGraphics471.jpg,H:\--\images\Fonts_with_graphics\FontsGraphics471.jpg
H:\--\images\Fonts_with_graphics\FontsGraphics472.jpg,H:\--\images\Fonts_with_graphics\FontsGraphics472.jpg
H:\--\images\Fonts_with_graphics\FontsGraphics473.jpg,H:\--\images\Fonts_with_graphics\FontsGraphics473.jpg
H:\--\images\Fonts_with_graphics\FontsGraphics474.jpg,H:\--\images\Fonts_with_graphics\FontsGraphics474.jpg
H:\--\images\Fonts_with_graphics\FontsGraphics475.jpg,H:\--\images\Fonts_with_graphics\FontsGraphics475.jpg
H:\--\images\Fonts_with_graphics\FontsGraphics476.jpg,H:\--\images\Fonts_with_graphics\FontsGraphics476.jpg
H:\--\images\Fonts_with_graphics\FontsGraphics477.jpg,H:\--\images\Fonts_with_graphics\FontsGraphics477.jpg
H:\--\images\Fonts_with_graphics\FontsGraphics478.jpg,H:\--\images\Fonts_with_graphics\FontsGraphics478.jpg
H:\--\images\Fonts_with_graphics\FontsGraphics479.jpg,H:\--\images\Fonts_with_graphics\FontsGraphics479.jpg
H:\--\images\Fonts_with_graphics\FontsGraphics480.jpg,H:\--\images\Fonts_with_graphics\FontsGraphics480.jpg
H:\--\images\Fonts_with_graphics\FontsGraphics481.jpg,H:\--\images\Fonts_with_graphics\FontsGraphics481.jpg
H:\--\images\Fonts_with_graphics\FontsGraphics482.jpg,H:\--\images\Fonts_with_graphics\FontsGraphics482.jpg
H:\--\images\Fonts_with_graphics\FontsGraphics483.jpg,H:\--\images\Fonts_with_graphics\FontsGraphics483.jpg
H:\--\images\Fonts_with_graphics\FontsGraphics484.jpg,H:\--\images\Fonts_with_graphics\FontsGraphics484.jpg
H:\--\images\Fonts_with_graphics\FontsGraphics485.jpg,H:\--\images\Fonts_with_graphics\FontsGraphics485.jpg
H:\--\images\Fonts_with_graphics\FontsGraphics486.jpg,H:\--\images\Fonts_with_graphics\FontsGraphics486.jpg
H:\--\images\Fonts_with_graphics\FontsGraphics487.jpg,H:\--\images\Fonts_with_graphics\FontsGraphics487.jpg
H:\--\images\Fonts_with_graphics\FontsGraphics488.jpg,H:\--\images\Fonts_with_graphics\FontsGraphics488.jpg
H:\--\images\Fonts_with_graphics\FontsGraphics489.jpg,H:\--\images\Fonts_with_graphics\FontsGraphics489.jpg
H:\--\images\Fonts_with_graphics\FontsGraphics490.jpg,H:\--\images\Fonts_with_graphics\FontsGraphics490.jpg
H:\--\images\Fonts_with_graphics\FontsGraphics491.jpg,H:\--\images\Fonts_with_graphics\FontsGraphics491.jpg
H:\--\images\Fonts_with_graphics\FontsGraphics492.jpg,H:\--\images\Fonts_with_graphics\FontsGraphics492.jpg
H:\--\images\Fonts_with_graphics\FontsGraphics493.jpg,H:\--\images\Fonts_with_graphics\FontsGraphics493.jpg
H:\--\images\Fonts_with_graphics\FontsGraphics494.jpg,H:\--\images\Fonts_with_graphics\FontsGraphics494.jpg
H:\--\images\Fonts_with_graphics\FontsGraphics495.jpg,H:\--\images\Fonts_with_graphics\FontsGraphics495.jpg
H:\--\images\Fonts_with_graphics\FontsGraphics496.jpg,H:\--\images\Fonts_with_graphics\FontsGraphics496.jpg
H:\--\images\Fonts_with_graphics\FontsGraphics497.jpg,H:\--\images\Fonts_with_graphics\FontsGraphics497.jpg
H:\--\images\Fonts_with_graphics\FontsGraphics498.jpg,H:\--\images\Fonts_with_graphics\FontsGraphics498.jpg
H:\--\images\Fonts_with_graphics\FontsGraphics499.jpg,H:\--\images\Fonts_with_graphics\FontsGraphics499.jpg
H:\--\images\Fonts_with_graphics\FontsGraphics500.jpg,H:\--\images\Fonts_with_graphics\FontsGraphics500.jpg
H:\--\images\Fonts_with_graphics\FontsGraphics501.jpg,H:\--\images\Fonts_with_graphics\FontsGraphics501.jpg
H:\--\images\Fonts_with_graphics\FontsGraphics502.jpg,H:\--\images\Fonts_with_graphics\FontsGraphics502.jpg
H:\--\images\Fonts_with_graphics\FontsGraphics503.jpg,H:\--\images\Fonts_with_graphics\FontsGraphics503.jpg
H:\--\images\Fonts_with_graphics\FontsGraphics504.jpg,H:\--\images\Fonts_with_graphics\FontsGraphics504.jpg
H:\--\images\Fonts_with_graphics\FontsGraphics505.jpg,H:\--\images\Fonts_with_graphics\FontsGraphics505.jpg
H:\--\images\Fonts_with_graphics\FontsGraphics506.jpg,H:\--\images\Fonts_with_graphics\FontsGraphics506.jpg
H:\--\images\Fonts_with_graphics\FontsGraphics507.jpg,H:\--\images\Fonts_with_graphics\FontsGraphics507.jpg
H:\--\images\Fonts_with_graphics\FontsGraphics508.jpg,H:\--\images\Fonts_with_graphics\FontsGraphics508.jpg
H:\--\images\Fonts_with_graphics\FontsGraphics509.jpg,H:\--\images\Fonts_with_graphics\FontsGraphics509.jpg
H:\--\images\Fonts_with_graphics\FontsGraphics510.jpg,H:\--\images\Fonts_with_graphics\FontsGraphics510.jpg
H:\--\images\Fonts_with_graphics\FontsGraphics511.jpg,H:\--\images\Fonts_with_graphics\FontsGraphics511.jpg
H:\--\images\Fonts_with_graphics\FontsGraphics512.jpg,H:\--\images\Fonts_with_graphics\FontsGraphics512.jpg
H:\--\images\Fonts_with_graphics\FontsGraphics513.jpg,H:\--\images\Fonts_with_graphics\FontsGraphics513.jpg
H:\--\images\Fonts_with_graphics\FontsGraphics514.jpg,H:\--\images\Fonts_with_graphics\FontsGraphics514.jpg
H:\--\images\Fonts_with_graphics\FontsGraphics515.jpg,H:\--\images\Fonts_with_graphics\FontsGraphics515.jpg
H:\--\images\Fonts_with_graphics\FontsGraphics516.jpg,H:\--\images\Fonts_with_graphics\FontsGraphics516.jpg
H:\--\images\Fonts_with_graphics\FontsGraphics517.jpg,H:\--\images\Fonts_with_graphics\FontsGraphics517.jpg
H:\--\images\Fonts_with_graphics\FontsGraphics518.jpg,H:\--\images\Fonts_with_graphics\FontsGraphics518.jpg
H:\--\images\Fonts_with_graphics\FontsGraphics519.jpg,H:\--\images\Fonts_with_graphics\FontsGraphics519.jpg
H:\--\images\Fonts_with_graphics\FontsGraphics520.jpg,H:\--\images\Fonts_with_graphics\FontsGraphics520.jpg
H:\--\images\Fonts_with_graphics\FontsGraphics521.jpg,H:\--\images\Fonts_with_graphics\FontsGraphics521.jpg
H:\--\images\Fonts_with_graphics\FontsGraphics522.jpg,H:\--\images\Fonts_with_graphics\FontsGraphics522.jpg
H:\--\images\Fonts_with_graphics\FontsGraphics523.jpg,H:\--\images\Fonts_with_graphics\FontsGraphics523.jpg
H:\--\images\Fonts_with_graphics\FontsGraphics524.jpg,H:\--\images\Fonts_with_graphics\FontsGraphics524.jpg
H:\--\images\Fonts_with_graphics\FontsGraphics525.jpg,H:\--\images\Fonts_with_graphics\FontsGraphics525.jpg
H:\--\images\Fonts_with_graphics\FontsGraphics526.jpg,H:\--\images\Fonts_with_graphics\FontsGraphics526.jpg
H:\--\images\Fonts_with_graphics\FontsGraphics527.jpg,H:\--\images\Fonts_with_graphics\FontsGraphics527.jpg
H:\--\images\Fonts_with_graphics\FontsGraphics528.jpg,H:\--\images\Fonts_with_graphics\FontsGraphics528.jpg
H:\--\images\Fonts_with_graphics\FontsGraphics529.jpg,H:\--\images\Fonts_with_graphics\FontsGraphics529.jpg
H:\--\images\Fonts_with_graphics\FontsGraphics530.jpg,H:\--\images\Fonts_with_graphics\FontsGraphics530.jpg
H:\--\images\Fonts_with_graphics\FontsGraphics531.jpg,H:\--\images\Fonts_with_graphics\FontsGraphics531.jpg
H:\--\images\Fonts_with_graphics\FontsGraphics532.jpg,H:\--\images\Fonts_with_graphics\FontsGraphics532.jpg
H:\--\images\Fonts_with_graphics\FontsGraphics533.jpg,H:\--\images\Fonts_with_graphics\FontsGraphics533.jpg
H:\--\images\Fonts_with_graphics\FontsGraphics534.jpg,H:\--\images\Fonts_with_graphics\FontsGraphics534.jpg
H:\--\images\Fonts_with_graphics\FontsGraphics535.jpg,H:\--\images\Fonts_with_graphics\FontsGraphics535.jpg
H:\--\images\Fonts_with_graphics\FontsGraphics536.jpg,H:\--\images\Fonts_with_graphics\FontsGraphics536.jpg
H:\--\images\Fonts_with_graphics\FontsGraphics537.jpg,H:\--\images\Fonts_with_graphics\FontsGraphics537.jpg
H:\--\images\Fonts_with_graphics\FontsGraphics538.jpg,H:\--\images\Fonts_with_graphics\FontsGraphics538.jpg
H:\--\images\Fonts_with_graphics\FontsGraphics539.jpg,H:\--\images\Fonts_with_graphics\FontsGraphics539.jpg
H:\--\images\Fonts_with_graphics\FontsGraphics540.jpg,H:\--\images\Fonts_with_graphics\FontsGraphics540.jpg
H:\--\images\Fonts_with_graphics\FontsGraphics541.jpg,H:\--\images\Fonts_with_graphics\FontsGraphics541.jpg
H:\--\images\Fonts_with_graphics\FontsGraphics542.jpg,H:\--\images\Fonts_with_graphics\FontsGraphics542.jpg
H:\--\images\Fonts_with_graphics\FontsGraphics543.jpg,H:\--\images\Fonts_with_graphics\FontsGraphics543.jpg
H:\--\images\Fonts_with_graphics\FontsGraphics544.jpg,H:\--\images\Fonts_with_graphics\FontsGraphics544.jpg
H:\--\images\Fonts_with_graphics\FontsGraphics545.jpg,H:\--\images\Fonts_with_graphics\FontsGraphics545.jpg
H:\--\images\Fonts_with_graphics\FontsGraphics546.jpg,H:\--\images\Fonts_with_graphics\FontsGraphics546.jpg
H:\--\images\Fonts_with_graphics\FontsGraphics547.jpg,H:\--\images\Fonts_with_graphics\FontsGraphics547.jpg
H:\--\images\Fonts_with_graphics\FontsGraphics548.jpg,H:\--\images\Fonts_with_graphics\FontsGraphics548.jpg
H:\--\images\Fonts_with_graphics\FontsGraphics549.jpg,H:\--\images\Fonts_with_graphics\FontsGraphics549.jpg
H:\--\images\Fonts_with_graphics\FontsGraphics550.jpg,H:\--\images\Fonts_with_graphics\FontsGraphics550.jpg
H:\--\images\Fonts_with_graphics\FontsGraphics551.jpg,H:\--\images\Fonts_with_graphics\FontsGraphics551.jpg
H:\--\images\Fonts_with_graphics\FontsGraphics552.jpg,H:\--\images\Fonts_with_graphics\FontsGraphics552.jpg
H:\--\images\Fonts_with_graphics\FontsGraphics553.jpg,H:\--\images\Fonts_with_graphics\FontsGraphics553.jpg
H:\--\images\Fonts_with_graphics\FontsGraphics554.jpg,H:\--\images\Fonts_with_graphics\FontsGraphics554.jpg
H:\--\images\Fonts_with_graphics\FontsGraphics555.jpg,H:\--\images\Fonts_with_graphics\FontsGraphics555.jpg
H:\--\images\Fonts_with_graphics\FontsGraphics556.jpg,H:\--\images\Fonts_with_graphics\FontsGraphics556.jpg
H:\--\images\Fonts_with_graphics\FontsGraphics557.jpg,H:\--\images\Fonts_with_graphics\FontsGraphics557.jpg
H:\--\images\Fonts_with_graphics\FontsGraphics558.jpg,H:\--\images\Fonts_with_graphics\FontsGraphics558.jpg
H:\--\images\Fonts_with_graphics\FontsGraphics559.jpg,H:\--\images\Fonts_with_graphics\FontsGraphics559.jpg
H:\--\images\Fonts_with_graphics\FontsGraphics560.jpg,H:\--\images\Fonts_with_graphics\FontsGraphics560.jpg
H:\--\images\Fonts_with_graphics\FontsGraphics561.jpg,H:\--\images\Fonts_with_graphics\FontsGraphics561.jpg
H:\--\images\Fonts_with_graphics\FontsGraphics562.jpg,H:\--\images\Fonts_with_graphics\FontsGraphics562.jpg
H:\--\images\Fonts_with_graphics\FontsGraphics563.jpg,H:\--\images\Fonts_with_graphics\FontsGraphics563.jpg
H:\--\images\Fonts_with_graphics\FontsGraphics564.jpg,H:\--\images\Fonts_with_graphics\FontsGraphics564.jpg
H:\--\images\Fonts_with_graphics\FontsGraphics565.jpg,H:\--\images\Fonts_with_graphics\FontsGraphics565.jpg
H:\--\images\Fonts_with_graphics\FontsGraphics566.jpg,H:\--\images\Fonts_with_graphics\FontsGraphics566.jpg
H:\--\images\Fonts_with_graphics\FontsGraphics567.jpg,H:\--\images\Fonts_with_graphics\FontsGraphics567.jpg
H:\--\images\Fonts_with_graphics\FontsGraphics568.jpg,H:\--\images\Fonts_with_graphics\FontsGraphics568.jpg
H:\--\images\Fonts_with_graphics\FontsGraphics569.jpg,H:\--\images\Fonts_with_graphics\FontsGraphics569.jpg
H:\--\images\Fonts_with_graphics\FontsGraphics570.jpg,H:\--\images\Fonts_with_graphics\FontsGraphics570.jpg
H:\--\images\Fonts_with_graphics\FontsGraphics571.jpg,H:\--\images\Fonts_with_graphics\FontsGraphics571.jpg
H:\--\images\Fonts_with_graphics\FontsGraphics572.jpg,H:\--\images\Fonts_with_graphics\FontsGraphics572.jpg
H:\--\images\Fonts_with_graphics\FontsGraphics573.jpg,H:\--\images\Fonts_with_graphics\FontsGraphics573.jpg
H:\--\images\Fonts_with_graphics\FontsGraphics574.jpg,H:\--\images\Fonts_with_graphics\FontsGraphics574.jpg
H:\--\images\Fonts_with_graphics\FontsGraphics575.jpg,H:\--\images\Fonts_with_graphics\FontsGraphics575.jpg
H:\--\images\Fonts_with_graphics\FontsGraphics576.jpg,H:\--\images\Fonts_with_graphics\FontsGraphics576.jpg
H:\--\images\Fonts_with_graphics\FontsGraphics577.jpg,H:\--\images\Fonts_with_graphics\FontsGraphics577.jpg
H:\--\images\Fonts_with_graphics\FontsGraphics578.jpg,H:\--\images\Fonts_with_graphics\FontsGraphics578.jpg
H:\--\images\Fonts_with_graphics\FontsGraphics579.jpg,H:\--\images\Fonts_with_graphics\FontsGraphics579.jpg
H:\--\images\Fonts_with_graphics\FontsGraphics580.jpg,H:\--\images\Fonts_with_graphics\FontsGraphics580.jpg
H:\--\images\Fonts_with_graphics\FontsGraphics581.jpg,H:\--\images\Fonts_with_graphics\FontsGraphics581.jpg
H:\--\images\Fonts_with_graphics\FontsGraphics582.jpg,H:\--\images\Fonts_with_graphics\FontsGraphics582.jpg
H:\--\images\Fonts_with_graphics\FontsGraphics583.jpg,H:\--\images\Fonts_with_graphics\FontsGraphics583.jpg
H:\--\images\Fonts_with_graphics\FontsGraphics584.jpg,H:\--\images\Fonts_with_graphics\FontsGraphics584.jpg
H:\--\images\Fonts_with_graphics\FontsGraphics585.jpg,H:\--\images\Fonts_with_graphics\FontsGraphics585.jpg
H:\--\images\Fonts_with_graphics\FontsGraphics586.jpg,H:\--\images\Fonts_with_graphics\FontsGraphics586.jpg
H:\--\images\Fonts_with_graphics\FontsGraphics587.jpg,H:\--\images\Fonts_with_graphics\FontsGraphics587.jpg
H:\--\images\Fonts_with_graphics\FontsGraphics588.jpg,H:\--\images\Fonts_with_graphics\FontsGraphics588.jpg
H:\--\images\Fonts_with_graphics\FontsGraphics589.jpg,H:\--\images\Fonts_with_graphics\FontsGraphics589.jpg
H:\--\images\Fonts_with_graphics\FontsGraphics590.jpg,H:\--\images\Fonts_with_graphics\FontsGraphics590.jpg
H:\--\images\Fonts_with_graphics\FontsGraphics591.jpg,H:\--\images\Fonts_with_graphics\FontsGraphics591.jpg
H:\--\images\Fonts_with_graphics\FontsGraphics592.jpg,H:\--\images\Fonts_with_graphics\FontsGraphics592.jpg
H:\--\images\Fonts_with_graphics\FontsGraphics593.jpg,H:\--\images\Fonts_with_graphics\FontsGraphics593.jpg
H:\--\images\Fonts_with_graphics\FontsGraphics594.jpg,H:\--\images\Fonts_with_graphics\FontsGraphics594.jpg
H:\--\images\Fonts_with_graphics\FontsGraphics595.jpg,H:\--\images\Fonts_with_graphics\FontsGraphics595.jpg
H:\--\images\Fonts_with_graphics\FontsGraphics596.jpg,H:\--\images\Fonts_with_graphics\FontsGraphics596.jpg
H:\--\images\Fonts_with_graphics\FontsGraphics597.jpg,H:\--\images\Fonts_with_graphics\FontsGraphics597.jpg
H:\--\images\Fonts_with_graphics\FontsGraphics598.jpg,H:\--\images\Fonts_with_graphics\FontsGraphics598.jpg
H:\--\images\Fonts_with_graphics\FontsGraphics599.jpg,H:\--\images\Fonts_with_graphics\FontsGraphics599.jpg
H:\--\images\Fonts_with_graphics\FontsGraphics600.jpg,H:\--\images\Fonts_with_graphics\FontsGraphics600.jpg
H:\--\images\Fonts_with_graphics\FontsGraphics601.jpg,H:\--\images\Fonts_with_graphics\FontsGraphics601.jpg
H:\--\images\Fonts_with_graphics\FontsGraphics602.jpg,H:\--\images\Fonts_with_graphics\FontsGraphics602.jpg
H:\--\images\Fonts_with_graphics\FontsGraphics603.jpg,H:\--\images\Fonts_with_graphics\FontsGraphics603.jpg
H:\--\images\Fonts_with_graphics\FontsGraphics604.jpg,H:\--\images\Fonts_with_graphics\FontsGraphics604.jpg
H:\--\images\Fonts_with_graphics\FontsGraphics605.jpg,H:\--\images\Fonts_with_graphics\FontsGraphics605.jpg
H:\--\images\Fonts_with_graphics\FontsGraphics606.jpg,H:\--\images\Fonts_with_graphics\FontsGraphics606.jpg
H:\--\images\Fonts_with_graphics\FontsGraphics607.jpg,H:\--\images\Fonts_with_graphics\FontsGraphics607.jpg
H:\--\images\Fonts_with_graphics\FontsGraphics608.jpg,H:\--\images\Fonts_with_graphics\FontsGraphics608.jpg
H:\--\images\Fonts_with_graphics\FontsGraphics609.jpg,H:\--\images\Fonts_with_graphics\FontsGraphics609.jpg
H:\--\images\Fonts_with_graphics\FontsGraphics610.jpg,H:\--\images\Fonts_with_graphics\FontsGraphics610.jpg
H:\--\images\Fonts_with_graphics\FontsGraphics611.jpg,H:\--\images\Fonts_with_graphics\FontsGraphics611.jpg
H:\--\images\Fonts_with_graphics\FontsGraphics612.jpg,H:\--\images\Fonts_with_graphics\FontsGraphics612.jpg
H:\--\images\Fonts_with_graphics\FontsGraphics613.jpg,H:\--\images\Fonts_with_graphics\FontsGraphics613.jpg
H:\--\images\Fonts_with_graphics\FontsGraphics614.jpg,H:\--\images\Fonts_with_graphics\FontsGraphics614.jpg
H:\--\images\Fonts_with_graphics\FontsGraphics615.jpg,H:\--\images\Fonts_with_graphics\FontsGraphics615.jpg
H:\--\images\Fonts_with_graphics\FontsGraphics616.jpg,H:\--\images\Fonts_with_graphics\FontsGraphics616.jpg
H:\--\images\Fonts_with_graphics\FontsGraphics617.jpg,H:\--\images\Fonts_with_graphics\FontsGraphics617.jpg
H:\--\images\Fonts_with_graphics\FontsGraphics618.jpg,H:\--\images\Fonts_with_graphics\FontsGraphics618.jpg
H:\--\images\Fonts_with_graphics\FontsGraphics619.jpg,H:\--\images\Fonts_with_graphics\FontsGraphics619.jpg
H:\--\images\Fonts_with_graphics\FontsGraphics620.jpg,H:\--\images\Fonts_with_graphics\FontsGraphics620.jpg
H:\--\images\Fonts_with_graphics\FontsGraphics621.jpg,H:\--\images\Fonts_with_graphics\FontsGraphics621.jpg
H:\--\images\Fonts_with_graphics\FontsGraphics622.jpg,H:\--\images\Fonts_with_graphics\FontsGraphics622.jpg
H:\--\images\Fonts_with_graphics\FontsGraphics623.jpg,H:\--\images\Fonts_with_graphics\FontsGraphics623.jpg
H:\--\images\Fonts_with_graphics\FontsGraphics624.jpg,H:\--\images\Fonts_with_graphics\FontsGraphics624.jpg
H:\--\images\Fonts_with_graphics\FontsGraphics625.jpg,H:\--\images\Fonts_with_graphics\FontsGraphics625.jpg
H:\--\images\Fonts_with_graphics\FontsGraphics626.jpg,H:\--\images\Fonts_with_graphics\FontsGraphics626.jpg
H:\--\images\Fonts_with_graphics\FontsGraphics627.jpg,H:\--\images\Fonts_with_graphics\FontsGraphics627.jpg
H:\--\images\Fonts_with_graphics\FontsGraphics628.jpg,H:\--\images\Fonts_with_graphics\FontsGraphics628.jpg
H:\--\images\Fonts_with_graphics\FontsGraphics629.jpg,H:\--\images\Fonts_with_graphics\FontsGraphics629.jpg
H:\--\images\Fonts_with_graphics\FontsGraphics630.jpg,H:\--\images\Fonts_with_graphics\FontsGraphics630.jpg
H:\--\images\Fonts_with_graphics\FontsGraphics631.jpg,H:\--\images\Fonts_with_graphics\FontsGraphics631.jpg
H:\--\images\Fonts_with_graphics\FontsGraphics632.jpg,H:\--\images\Fonts_with_graphics\FontsGraphics632.jpg
H:\--\images\Fonts_with_graphics\FontsGraphics633.jpg,H:\--\images\Fonts_with_graphics\FontsGraphics633.jpg
H:\--\images\Fonts_with_graphics\FontsGraphics634.jpg,H:\--\images\Fonts_with_graphics\FontsGraphics634.jpg
H:\--\images\Fonts_with_graphics\FontsGraphics635.jpg,H:\--\images\Fonts_with_graphics\FontsGraphics635.jpg
H:\--\images\Fonts_with_graphics\FontsGraphics636.jpg,H:\--\images\Fonts_with_graphics\FontsGraphics636.jpg
H:\--\images\Fonts_with_graphics\FontsGraphics637.jpg,H:\--\images\Fonts_with_graphics\FontsGraphics637.jpg
H:\--\images\Fonts_with_graphics\FontsGraphics638.jpg,H:\--\images\Fonts_with_graphics\FontsGraphics638.jpg
H:\--\images\Fonts_with_graphics\FontsGraphics639.jpg,H:\--\images\Fonts_with_graphics\FontsGraphics639.jpg
H:\--\images\Fonts_with_graphics\FontsGraphics640.jpg,H:\--\images\Fonts_with_graphics\FontsGraphics640.jpg
H:\--\images\Fonts_with_graphics\FontsGraphics641.jpg,H:\--\images\Fonts_with_graphics\FontsGraphics641.jpg
H:\--\images\Fonts_with_graphics\FontsGraphics642.jpg,H:\--\images\Fonts_with_graphics\FontsGraphics642.jpg
H:\--\images\Fonts_with_graphics\FontsGraphics643.jpg,H:\--\images\Fonts_with_graphics\FontsGraphics643.jpg
H:\--\images\Fonts_with_graphics\FontsGraphics644.jpg,H:\--\images\Fonts_with_graphics\FontsGraphics644.jpg
H:\--\images\Fonts_with_graphics\FontsGraphics645.jpg,H:\--\images\Fonts_with_graphics\FontsGraphics645.jpg
H:\--\images\Fonts_with_graphics\FontsGraphics646.jpg,H:\--\images\Fonts_with_graphics\FontsGraphics646.jpg
H:\--\images\Fonts_with_graphics\FontsGraphics647.jpg,H:\--\images\Fonts_with_graphics\FontsGraphics647.jpg
H:\--\images\Fonts_with_graphics\FontsGraphics648.jpg,H:\--\images\Fonts_with_graphics\FontsGraphics648.jpg
H:\--\images\Fonts_with_graphics\FontsGraphics649.jpg,H:\--\images\Fonts_with_graphics\FontsGraphics649.jpg
H:\--\images\Fonts_with_graphics\FontsGraphics650.jpg,H:\--\images\Fonts_with_graphics\FontsGraphics650.jpg
H:\--\images\Fonts_with_graphics\FontsGraphics651.jpg,H:\--\images\Fonts_with_graphics\FontsGraphics651.jpg
H:\--\images\Fonts_with_graphics\FontsGraphics652.jpg,H:\--\images\Fonts_with_graphics\FontsGraphics652.jpg
H:\--\images\Fonts_with_graphics\FontsGraphics653.jpg,H:\--\images\Fonts_with_graphics\FontsGraphics653.jpg
H:\--\images\Fonts_with_graphics\FontsGraphics654.jpg,H:\--\images\Fonts_with_graphics\FontsGraphics654.jpg
H:\--\images\Fonts_with_graphics\FontsGraphics655.jpg,H:\--\images\Fonts_with_graphics\FontsGraphics655.jpg
H:\--\images\Fonts_with_graphics\FontsGraphics656.jpg,H:\--\images\Fonts_with_graphics\FontsGraphics656.jpg
H:\--\images\Fonts_with_graphics\FontsGraphics657.jpg,H:\--\images\Fonts_with_graphics\FontsGraphics657.jpg
H:\--\images\Fonts_with_graphics\FontsGraphics658.jpg,H:\--\images\Fonts_with_graphics\FontsGraphics658.jpg
H:\--\images\Fonts_with_graphics\FontsGraphics659.jpg,H:\--\images\Fonts_with_graphics\FontsGraphics659.jpg
H:\--\images\Fonts_with_graphics\FontsGraphics660.jpg,H:\--\images\Fonts_with_graphics\FontsGraphics660.jpg
H:\--\images\Fonts_with_graphics\FontsGraphics661.jpg,H:\--\images\Fonts_with_graphics\FontsGraphics661.jpg
H:\--\images\Fonts_with_graphics\FontsGraphics662.jpg,H:\--\images\Fonts_with_graphics\FontsGraphics662.jpg
H:\--\images\Fonts_with_graphics\FontsGraphics663.jpg,H:\--\images\Fonts_with_graphics\FontsGraphics663.jpg
H:\--\images\Fonts_with_graphics\FontsGraphics664.jpg,H:\--\images\Fonts_with_graphics\FontsGraphics664.jpg
H:\--\images\Fonts_with_graphics\FontsGraphics665.jpg,H:\--\images\Fonts_with_graphics\FontsGraphics665.jpg
H:\--\images\Fonts_with_graphics\FontsGraphics666.jpg,H:\--\images\Fonts_with_graphics\FontsGraphics666.jpg
H:\--\images\Fonts_with_graphics\FontsGraphics667.jpg,H:\--\images\Fonts_with_graphics\FontsGraphics667.jpg
H:\--\images\Fonts_with_graphics\FontsGraphics668.jpg,H:\--\images\Fonts_with_graphics\FontsGraphics668.jpg
H:\--\images\Fonts_with_graphics\FontsGraphics669.jpg,H:\--\images\Fonts_with_graphics\FontsGraphics669.jpg
H:\--\images\Fonts_with_graphics\FontsGraphics670.jpg,H:\--\images\Fonts_with_graphics\FontsGraphics670.jpg
H:\--\images\Fonts_with_graphics\FontsGraphics671.jpg,H:\--\images\Fonts_with_graphics\FontsGraphics671.jpg
H:\--\images\Fonts_with_graphics\FontsGraphics672.jpg,H:\--\images\Fonts_with_graphics\FontsGraphics672.jpg
H:\--\images\Fonts_with_graphics\FontsGraphics673.jpg,H:\--\images\Fonts_with_graphics\FontsGraphics673.jpg
H:\--\images\Fonts_with_graphics\FontsGraphics674.jpg,H:\--\images\Fonts_with_graphics\FontsGraphics674.jpg
H:\--\images\Fonts_with_graphics\FontsGraphics675.jpg,H:\--\images\Fonts_with_graphics\FontsGraphics675.jpg
H:\--\images\Fonts_with_graphics\FontsGraphics676.jpg,H:\--\images\Fonts_with_graphics\FontsGraphics676.jpg
