H:\--\images\Fonts_3d_Graphics\Preview-845.jpg,H:\--\images\Fonts_3d_Graphics\Preview-845.jpg
H:\--\images\Fonts_3d_Graphics\Preview-846.jpg,H:\--\images\Fonts_3d_Graphics\Preview-846.jpg
H:\--\images\Fonts_3d_Graphics\Preview-847.jpg,H:\--\images\Fonts_3d_Graphics\Preview-847.jpg
H:\--\images\Fonts_3d_Graphics\Preview-848.jpg,H:\--\images\Fonts_3d_Graphics\Preview-848.jpg
H:\--\images\Fonts_3d_Graphics\Preview-849.jpg,H:\--\images\Fonts_3d_Graphics\Preview-849.jpg
H:\--\images\Fonts_3d_Graphics\Preview-850.jpg,H:\--\images\Fonts_3d_Graphics\Preview-850.jpg
H:\--\images\Fonts_3d_Graphics\Preview-851.jpg,H:\--\images\Fonts_3d_Graphics\Preview-851.jpg
H:\--\images\Fonts_3d_Graphics\Preview-852.jpg,H:\--\images\Fonts_3d_Graphics\Preview-852.jpg
H:\--\images\Fonts_3d_Graphics\Preview-853.jpg,H:\--\images\Fonts_3d_Graphics\Preview-853.jpg
H:\--\images\Fonts_3d_Graphics\Preview-854.jpg,H:\--\images\Fonts_3d_Graphics\Preview-854.jpg
H:\--\images\Fonts_3d_Graphics\Preview-855.jpg,H:\--\images\Fonts_3d_Graphics\Preview-855.jpg
H:\--\images\Fonts_3d_Graphics\Preview-856.jpg,H:\--\images\Fonts_3d_Graphics\Preview-856.jpg
H:\--\images\Fonts_3d_Graphics\Preview-857.jpg,H:\--\images\Fonts_3d_Graphics\Preview-857.jpg
H:\--\images\Fonts_3d_Graphics\Preview-858.jpg,H:\--\images\Fonts_3d_Graphics\Preview-858.jpg
H:\--\images\Fonts_3d_Graphics\Preview-859.jpg,H:\--\images\Fonts_3d_Graphics\Preview-859.jpg
H:\--\images\Fonts_3d_Graphics\Preview-860.jpg,H:\--\images\Fonts_3d_Graphics\Preview-860.jpg
H:\--\images\Fonts_3d_Graphics\Preview-861.jpg,H:\--\images\Fonts_3d_Graphics\Preview-861.jpg
H:\--\images\Fonts_3d_Graphics\Preview-862.jpg,H:\--\images\Fonts_3d_Graphics\Preview-862.jpg
H:\--\images\Fonts_3d_Graphics\Preview-863.jpg,H:\--\images\Fonts_3d_Graphics\Preview-863.jpg
H:\--\images\Fonts_3d_Graphics\Preview-864.jpg,H:\--\images\Fonts_3d_Graphics\Preview-864.jpg
H:\--\images\Fonts_3d_Graphics\Preview-00.jpg,H:\--\images\Fonts_3d_Graphics\Preview-00.jpg
H:\--\images\Fonts_3d_Graphics\Preview-01.jpg,H:\--\images\Fonts_3d_Graphics\Preview-01.jpg
H:\--\images\Fonts_3d_Graphics\Preview-02.jpg,H:\--\images\Fonts_3d_Graphics\Preview-02.jpg
H:\--\images\Fonts_3d_Graphics\Preview-03.jpg,H:\--\images\Fonts_3d_Graphics\Preview-03.jpg
H:\--\images\Fonts_3d_Graphics\Preview-04.jpg,H:\--\images\Fonts_3d_Graphics\Preview-04.jpg
H:\--\images\Fonts_3d_Graphics\Preview-05.jpg,H:\--\images\Fonts_3d_Graphics\Preview-05.jpg
H:\--\images\Fonts_3d_Graphics\Preview-06.jpg,H:\--\images\Fonts_3d_Graphics\Preview-06.jpg
H:\--\images\Fonts_3d_Graphics\Preview-07.jpg,H:\--\images\Fonts_3d_Graphics\Preview-07.jpg
H:\--\images\Fonts_3d_Graphics\Preview-08.jpg,H:\--\images\Fonts_3d_Graphics\Preview-08.jpg
H:\--\images\Fonts_3d_Graphics\Preview-09.jpg,H:\--\images\Fonts_3d_Graphics\Preview-09.jpg
H:\--\images\Fonts_3d_Graphics\Preview-10.jpg,H:\--\images\Fonts_3d_Graphics\Preview-10.jpg
H:\--\images\Fonts_3d_Graphics\Preview-11.jpg,H:\--\images\Fonts_3d_Graphics\Preview-11.jpg
H:\--\images\Fonts_3d_Graphics\Preview-12.jpg,H:\--\images\Fonts_3d_Graphics\Preview-12.jpg
H:\--\images\Fonts_3d_Graphics\Preview-13.jpg,H:\--\images\Fonts_3d_Graphics\Preview-13.jpg
H:\--\images\Fonts_3d_Graphics\Preview-14.jpg,H:\--\images\Fonts_3d_Graphics\Preview-14.jpg
H:\--\images\Fonts_3d_Graphics\Preview-15.jpg,H:\--\images\Fonts_3d_Graphics\Preview-15.jpg
H:\--\images\Fonts_3d_Graphics\Preview-16.jpg,H:\--\images\Fonts_3d_Graphics\Preview-16.jpg
H:\--\images\Fonts_3d_Graphics\Preview-17.jpg,H:\--\images\Fonts_3d_Graphics\Preview-17.jpg
H:\--\images\Fonts_3d_Graphics\Preview-18.jpg,H:\--\images\Fonts_3d_Graphics\Preview-18.jpg
H:\--\images\Fonts_3d_Graphics\Preview-19.jpg,H:\--\images\Fonts_3d_Graphics\Preview-19.jpg
H:\--\images\Fonts_3d_Graphics\Preview-20.jpg,H:\--\images\Fonts_3d_Graphics\Preview-20.jpg
H:\--\images\Fonts_3d_Graphics\Preview-21.jpg,H:\--\images\Fonts_3d_Graphics\Preview-21.jpg
H:\--\images\Fonts_3d_Graphics\Preview-22.jpg,H:\--\images\Fonts_3d_Graphics\Preview-22.jpg
H:\--\images\Fonts_3d_Graphics\Preview-23.jpg,H:\--\images\Fonts_3d_Graphics\Preview-23.jpg
H:\--\images\Fonts_3d_Graphics\Preview-24.jpg,H:\--\images\Fonts_3d_Graphics\Preview-24.jpg
H:\--\images\Fonts_3d_Graphics\Preview-25.jpg,H:\--\images\Fonts_3d_Graphics\Preview-25.jpg
H:\--\images\Fonts_3d_Graphics\Preview-26.jpg,H:\--\images\Fonts_3d_Graphics\Preview-26.jpg
H:\--\images\Fonts_3d_Graphics\Preview-27.jpg,H:\--\images\Fonts_3d_Graphics\Preview-27.jpg
H:\--\images\Fonts_3d_Graphics\Preview-28.jpg,H:\--\images\Fonts_3d_Graphics\Preview-28.jpg
H:\--\images\Fonts_3d_Graphics\Preview-29.jpg,H:\--\images\Fonts_3d_Graphics\Preview-29.jpg
H:\--\images\Fonts_3d_Graphics\Preview-30.jpg,H:\--\images\Fonts_3d_Graphics\Preview-30.jpg
H:\--\images\Fonts_3d_Graphics\Preview-31.jpg,H:\--\images\Fonts_3d_Graphics\Preview-31.jpg
H:\--\images\Fonts_3d_Graphics\Preview-32.jpg,H:\--\images\Fonts_3d_Graphics\Preview-32.jpg
H:\--\images\Fonts_3d_Graphics\Preview-33.jpg,H:\--\images\Fonts_3d_Graphics\Preview-33.jpg
H:\--\images\Fonts_3d_Graphics\Preview-34.jpg,H:\--\images\Fonts_3d_Graphics\Preview-34.jpg
H:\--\images\Fonts_3d_Graphics\Preview-35.jpg,H:\--\images\Fonts_3d_Graphics\Preview-35.jpg
H:\--\images\Fonts_3d_Graphics\Preview-36.jpg,H:\--\images\Fonts_3d_Graphics\Preview-36.jpg
H:\--\images\Fonts_3d_Graphics\Preview-37.jpg,H:\--\images\Fonts_3d_Graphics\Preview-37.jpg
H:\--\images\Fonts_3d_Graphics\Preview-38.jpg,H:\--\images\Fonts_3d_Graphics\Preview-38.jpg
H:\--\images\Fonts_3d_Graphics\Preview-39.jpg,H:\--\images\Fonts_3d_Graphics\Preview-39.jpg
H:\--\images\Fonts_3d_Graphics\Preview-40.jpg,H:\--\images\Fonts_3d_Graphics\Preview-40.jpg
H:\--\images\Fonts_3d_Graphics\Preview-41.jpg,H:\--\images\Fonts_3d_Graphics\Preview-41.jpg
H:\--\images\Fonts_3d_Graphics\Preview-42.jpg,H:\--\images\Fonts_3d_Graphics\Preview-42.jpg
H:\--\images\Fonts_3d_Graphics\Preview-43.jpg,H:\--\images\Fonts_3d_Graphics\Preview-43.jpg
H:\--\images\Fonts_3d_Graphics\Preview-44.jpg,H:\--\images\Fonts_3d_Graphics\Preview-44.jpg
H:\--\images\Fonts_3d_Graphics\Preview-45.jpg,H:\--\images\Fonts_3d_Graphics\Preview-45.jpg
H:\--\images\Fonts_3d_Graphics\Preview-46.jpg,H:\--\images\Fonts_3d_Graphics\Preview-46.jpg
H:\--\images\Fonts_3d_Graphics\Preview-47.jpg,H:\--\images\Fonts_3d_Graphics\Preview-47.jpg
H:\--\images\Fonts_3d_Graphics\Preview-48.jpg,H:\--\images\Fonts_3d_Graphics\Preview-48.jpg
H:\--\images\Fonts_3d_Graphics\Preview-49.jpg,H:\--\images\Fonts_3d_Graphics\Preview-49.jpg
H:\--\images\Fonts_3d_Graphics\Preview-50.jpg,H:\--\images\Fonts_3d_Graphics\Preview-50.jpg
H:\--\images\Fonts_3d_Graphics\Preview-51.jpg,H:\--\images\Fonts_3d_Graphics\Preview-51.jpg
H:\--\images\Fonts_3d_Graphics\Preview-52.jpg,H:\--\images\Fonts_3d_Graphics\Preview-52.jpg
H:\--\images\Fonts_3d_Graphics\Preview-53.jpg,H:\--\images\Fonts_3d_Graphics\Preview-53.jpg
H:\--\images\Fonts_3d_Graphics\Preview-54.jpg,H:\--\images\Fonts_3d_Graphics\Preview-54.jpg
H:\--\images\Fonts_3d_Graphics\Preview-55.jpg,H:\--\images\Fonts_3d_Graphics\Preview-55.jpg
H:\--\images\Fonts_3d_Graphics\Preview-56.jpg,H:\--\images\Fonts_3d_Graphics\Preview-56.jpg
H:\--\images\Fonts_3d_Graphics\Preview-57.jpg,H:\--\images\Fonts_3d_Graphics\Preview-57.jpg
H:\--\images\Fonts_3d_Graphics\Preview-58.jpg,H:\--\images\Fonts_3d_Graphics\Preview-58.jpg
H:\--\images\Fonts_3d_Graphics\Preview-59.jpg,H:\--\images\Fonts_3d_Graphics\Preview-59.jpg
H:\--\images\Fonts_3d_Graphics\Preview-60.jpg,H:\--\images\Fonts_3d_Graphics\Preview-60.jpg
H:\--\images\Fonts_3d_Graphics\Preview-61.jpg,H:\--\images\Fonts_3d_Graphics\Preview-61.jpg
H:\--\images\Fonts_3d_Graphics\Preview-62.jpg,H:\--\images\Fonts_3d_Graphics\Preview-62.jpg
H:\--\images\Fonts_3d_Graphics\Preview-63.jpg,H:\--\images\Fonts_3d_Graphics\Preview-63.jpg
H:\--\images\Fonts_3d_Graphics\Preview-64.jpg,H:\--\images\Fonts_3d_Graphics\Preview-64.jpg
H:\--\images\Fonts_3d_Graphics\Preview-65.jpg,H:\--\images\Fonts_3d_Graphics\Preview-65.jpg
H:\--\images\Fonts_3d_Graphics\Preview-66.jpg,H:\--\images\Fonts_3d_Graphics\Preview-66.jpg
H:\--\images\Fonts_3d_Graphics\Preview-67.jpg,H:\--\images\Fonts_3d_Graphics\Preview-67.jpg
H:\--\images\Fonts_3d_Graphics\Preview-68.jpg,H:\--\images\Fonts_3d_Graphics\Preview-68.jpg
H:\--\images\Fonts_3d_Graphics\Preview-69.jpg,H:\--\images\Fonts_3d_Graphics\Preview-69.jpg
H:\--\images\Fonts_3d_Graphics\Preview-70.jpg,H:\--\images\Fonts_3d_Graphics\Preview-70.jpg
H:\--\images\Fonts_3d_Graphics\Preview-71.jpg,H:\--\images\Fonts_3d_Graphics\Preview-71.jpg
H:\--\images\Fonts_3d_Graphics\Preview-72.jpg,H:\--\images\Fonts_3d_Graphics\Preview-72.jpg
H:\--\images\Fonts_3d_Graphics\Preview-73.jpg,H:\--\images\Fonts_3d_Graphics\Preview-73.jpg
H:\--\images\Fonts_3d_Graphics\Preview-74.jpg,H:\--\images\Fonts_3d_Graphics\Preview-74.jpg
H:\--\images\Fonts_3d_Graphics\Preview-75.jpg,H:\--\images\Fonts_3d_Graphics\Preview-75.jpg
H:\--\images\Fonts_3d_Graphics\Preview-76.jpg,H:\--\images\Fonts_3d_Graphics\Preview-76.jpg
H:\--\images\Fonts_3d_Graphics\Preview-77.jpg,H:\--\images\Fonts_3d_Graphics\Preview-77.jpg
H:\--\images\Fonts_3d_Graphics\Preview-78.jpg,H:\--\images\Fonts_3d_Graphics\Preview-78.jpg
H:\--\images\Fonts_3d_Graphics\Preview-79.jpg,H:\--\images\Fonts_3d_Graphics\Preview-79.jpg
H:\--\images\Fonts_3d_Graphics\Preview-80.jpg,H:\--\images\Fonts_3d_Graphics\Preview-80.jpg
H:\--\images\Fonts_3d_Graphics\Preview-81.jpg,H:\--\images\Fonts_3d_Graphics\Preview-81.jpg
H:\--\images\Fonts_3d_Graphics\Preview-82.jpg,H:\--\images\Fonts_3d_Graphics\Preview-82.jpg
H:\--\images\Fonts_3d_Graphics\Preview-83.jpg,H:\--\images\Fonts_3d_Graphics\Preview-83.jpg
H:\--\images\Fonts_3d_Graphics\Preview-84.jpg,H:\--\images\Fonts_3d_Graphics\Preview-84.jpg
H:\--\images\Fonts_3d_Graphics\Preview-85.jpg,H:\--\images\Fonts_3d_Graphics\Preview-85.jpg
H:\--\images\Fonts_3d_Graphics\Preview-86.jpg,H:\--\images\Fonts_3d_Graphics\Preview-86.jpg
H:\--\images\Fonts_3d_Graphics\Preview-87.jpg,H:\--\images\Fonts_3d_Graphics\Preview-87.jpg
H:\--\images\Fonts_3d_Graphics\Preview-88.jpg,H:\--\images\Fonts_3d_Graphics\Preview-88.jpg
H:\--\images\Fonts_3d_Graphics\Preview-89.jpg,H:\--\images\Fonts_3d_Graphics\Preview-89.jpg
H:\--\images\Fonts_3d_Graphics\Preview-90.jpg,H:\--\images\Fonts_3d_Graphics\Preview-90.jpg
H:\--\images\Fonts_3d_Graphics\Preview-91.jpg,H:\--\images\Fonts_3d_Graphics\Preview-91.jpg
H:\--\images\Fonts_3d_Graphics\Preview-92.jpg,H:\--\images\Fonts_3d_Graphics\Preview-92.jpg
H:\--\images\Fonts_3d_Graphics\Preview-93.jpg,H:\--\images\Fonts_3d_Graphics\Preview-93.jpg
H:\--\images\Fonts_3d_Graphics\Preview-94.jpg,H:\--\images\Fonts_3d_Graphics\Preview-94.jpg
H:\--\images\Fonts_3d_Graphics\Preview-95.jpg,H:\--\images\Fonts_3d_Graphics\Preview-95.jpg
H:\--\images\Fonts_3d_Graphics\Preview-96.jpg,H:\--\images\Fonts_3d_Graphics\Preview-96.jpg
H:\--\images\Fonts_3d_Graphics\Preview-97.jpg,H:\--\images\Fonts_3d_Graphics\Preview-97.jpg
H:\--\images\Fonts_3d_Graphics\Preview-98.jpg,H:\--\images\Fonts_3d_Graphics\Preview-98.jpg
H:\--\images\Fonts_3d_Graphics\Preview-99.jpg,H:\--\images\Fonts_3d_Graphics\Preview-99.jpg
H:\--\images\Fonts_3d_Graphics\Preview-100.jpg,H:\--\images\Fonts_3d_Graphics\Preview-100.jpg
H:\--\images\Fonts_3d_Graphics\Preview-101.jpg,H:\--\images\Fonts_3d_Graphics\Preview-101.jpg
H:\--\images\Fonts_3d_Graphics\Preview-102.jpg,H:\--\images\Fonts_3d_Graphics\Preview-102.jpg
H:\--\images\Fonts_3d_Graphics\Preview-103.jpg,H:\--\images\Fonts_3d_Graphics\Preview-103.jpg
H:\--\images\Fonts_3d_Graphics\Preview-104.jpg,H:\--\images\Fonts_3d_Graphics\Preview-104.jpg
H:\--\images\Fonts_3d_Graphics\Preview-105.jpg,H:\--\images\Fonts_3d_Graphics\Preview-105.jpg
H:\--\images\Fonts_3d_Graphics\Preview-106.jpg,H:\--\images\Fonts_3d_Graphics\Preview-106.jpg
H:\--\images\Fonts_3d_Graphics\Preview-107.jpg,H:\--\images\Fonts_3d_Graphics\Preview-107.jpg
H:\--\images\Fonts_3d_Graphics\Preview-108.jpg,H:\--\images\Fonts_3d_Graphics\Preview-108.jpg
H:\--\images\Fonts_3d_Graphics\Preview-109.jpg,H:\--\images\Fonts_3d_Graphics\Preview-109.jpg
H:\--\images\Fonts_3d_Graphics\Preview-110.jpg,H:\--\images\Fonts_3d_Graphics\Preview-110.jpg
H:\--\images\Fonts_3d_Graphics\Preview-111.jpg,H:\--\images\Fonts_3d_Graphics\Preview-111.jpg
H:\--\images\Fonts_3d_Graphics\Preview-112.jpg,H:\--\images\Fonts_3d_Graphics\Preview-112.jpg
H:\--\images\Fonts_3d_Graphics\Preview-113.jpg,H:\--\images\Fonts_3d_Graphics\Preview-113.jpg
H:\--\images\Fonts_3d_Graphics\Preview-114.jpg,H:\--\images\Fonts_3d_Graphics\Preview-114.jpg
H:\--\images\Fonts_3d_Graphics\Preview-115.jpg,H:\--\images\Fonts_3d_Graphics\Preview-115.jpg
H:\--\images\Fonts_3d_Graphics\Preview-116.jpg,H:\--\images\Fonts_3d_Graphics\Preview-116.jpg
H:\--\images\Fonts_3d_Graphics\Preview-117.jpg,H:\--\images\Fonts_3d_Graphics\Preview-117.jpg
H:\--\images\Fonts_3d_Graphics\Preview-118.jpg,H:\--\images\Fonts_3d_Graphics\Preview-118.jpg
H:\--\images\Fonts_3d_Graphics\Preview-119.jpg,H:\--\images\Fonts_3d_Graphics\Preview-119.jpg
H:\--\images\Fonts_3d_Graphics\Preview-120.jpg,H:\--\images\Fonts_3d_Graphics\Preview-120.jpg
H:\--\images\Fonts_3d_Graphics\Preview-121.jpg,H:\--\images\Fonts_3d_Graphics\Preview-121.jpg
H:\--\images\Fonts_3d_Graphics\Preview-122.jpg,H:\--\images\Fonts_3d_Graphics\Preview-122.jpg
H:\--\images\Fonts_3d_Graphics\Preview-123.jpg,H:\--\images\Fonts_3d_Graphics\Preview-123.jpg
H:\--\images\Fonts_3d_Graphics\Preview-124.jpg,H:\--\images\Fonts_3d_Graphics\Preview-124.jpg
H:\--\images\Fonts_3d_Graphics\Preview-125.jpg,H:\--\images\Fonts_3d_Graphics\Preview-125.jpg
H:\--\images\Fonts_3d_Graphics\Preview-126.jpg,H:\--\images\Fonts_3d_Graphics\Preview-126.jpg
H:\--\images\Fonts_3d_Graphics\Preview-127.jpg,H:\--\images\Fonts_3d_Graphics\Preview-127.jpg
H:\--\images\Fonts_3d_Graphics\Preview-128.jpg,H:\--\images\Fonts_3d_Graphics\Preview-128.jpg
H:\--\images\Fonts_3d_Graphics\Preview-129.jpg,H:\--\images\Fonts_3d_Graphics\Preview-129.jpg
H:\--\images\Fonts_3d_Graphics\Preview-130.jpg,H:\--\images\Fonts_3d_Graphics\Preview-130.jpg
H:\--\images\Fonts_3d_Graphics\Preview-131.jpg,H:\--\images\Fonts_3d_Graphics\Preview-131.jpg
H:\--\images\Fonts_3d_Graphics\Preview-132.jpg,H:\--\images\Fonts_3d_Graphics\Preview-132.jpg
H:\--\images\Fonts_3d_Graphics\Preview-133.jpg,H:\--\images\Fonts_3d_Graphics\Preview-133.jpg
H:\--\images\Fonts_3d_Graphics\Preview-134.jpg,H:\--\images\Fonts_3d_Graphics\Preview-134.jpg
H:\--\images\Fonts_3d_Graphics\Preview-135.jpg,H:\--\images\Fonts_3d_Graphics\Preview-135.jpg
H:\--\images\Fonts_3d_Graphics\Preview-136.jpg,H:\--\images\Fonts_3d_Graphics\Preview-136.jpg
H:\--\images\Fonts_3d_Graphics\Preview-137.jpg,H:\--\images\Fonts_3d_Graphics\Preview-137.jpg
H:\--\images\Fonts_3d_Graphics\Preview-138.jpg,H:\--\images\Fonts_3d_Graphics\Preview-138.jpg
H:\--\images\Fonts_3d_Graphics\Preview-139.jpg,H:\--\images\Fonts_3d_Graphics\Preview-139.jpg
H:\--\images\Fonts_3d_Graphics\Preview-140.jpg,H:\--\images\Fonts_3d_Graphics\Preview-140.jpg
H:\--\images\Fonts_3d_Graphics\Preview-141.jpg,H:\--\images\Fonts_3d_Graphics\Preview-141.jpg
H:\--\images\Fonts_3d_Graphics\Preview-142.jpg,H:\--\images\Fonts_3d_Graphics\Preview-142.jpg
H:\--\images\Fonts_3d_Graphics\Preview-143.jpg,H:\--\images\Fonts_3d_Graphics\Preview-143.jpg
H:\--\images\Fonts_3d_Graphics\Preview-144.jpg,H:\--\images\Fonts_3d_Graphics\Preview-144.jpg
H:\--\images\Fonts_3d_Graphics\Preview-145.jpg,H:\--\images\Fonts_3d_Graphics\Preview-145.jpg
H:\--\images\Fonts_3d_Graphics\Preview-146.jpg,H:\--\images\Fonts_3d_Graphics\Preview-146.jpg
H:\--\images\Fonts_3d_Graphics\Preview-147.jpg,H:\--\images\Fonts_3d_Graphics\Preview-147.jpg
H:\--\images\Fonts_3d_Graphics\Preview-148.jpg,H:\--\images\Fonts_3d_Graphics\Preview-148.jpg
H:\--\images\Fonts_3d_Graphics\Preview-149.jpg,H:\--\images\Fonts_3d_Graphics\Preview-149.jpg
H:\--\images\Fonts_3d_Graphics\Preview-150.jpg,H:\--\images\Fonts_3d_Graphics\Preview-150.jpg
H:\--\images\Fonts_3d_Graphics\Preview-151.jpg,H:\--\images\Fonts_3d_Graphics\Preview-151.jpg
H:\--\images\Fonts_3d_Graphics\Preview-152.jpg,H:\--\images\Fonts_3d_Graphics\Preview-152.jpg
H:\--\images\Fonts_3d_Graphics\Preview-153.jpg,H:\--\images\Fonts_3d_Graphics\Preview-153.jpg
H:\--\images\Fonts_3d_Graphics\Preview-154.jpg,H:\--\images\Fonts_3d_Graphics\Preview-154.jpg
H:\--\images\Fonts_3d_Graphics\Preview-155.jpg,H:\--\images\Fonts_3d_Graphics\Preview-155.jpg
H:\--\images\Fonts_3d_Graphics\Preview-156.jpg,H:\--\images\Fonts_3d_Graphics\Preview-156.jpg
H:\--\images\Fonts_3d_Graphics\Preview-157.jpg,H:\--\images\Fonts_3d_Graphics\Preview-157.jpg
H:\--\images\Fonts_3d_Graphics\Preview-158.jpg,H:\--\images\Fonts_3d_Graphics\Preview-158.jpg
H:\--\images\Fonts_3d_Graphics\Preview-159.jpg,H:\--\images\Fonts_3d_Graphics\Preview-159.jpg
H:\--\images\Fonts_3d_Graphics\Preview-160.jpg,H:\--\images\Fonts_3d_Graphics\Preview-160.jpg
H:\--\images\Fonts_3d_Graphics\Preview-161.jpg,H:\--\images\Fonts_3d_Graphics\Preview-161.jpg
H:\--\images\Fonts_3d_Graphics\Preview-162.jpg,H:\--\images\Fonts_3d_Graphics\Preview-162.jpg
H:\--\images\Fonts_3d_Graphics\Preview-163.jpg,H:\--\images\Fonts_3d_Graphics\Preview-163.jpg
H:\--\images\Fonts_3d_Graphics\Preview-164.jpg,H:\--\images\Fonts_3d_Graphics\Preview-164.jpg
H:\--\images\Fonts_3d_Graphics\Preview-165.jpg,H:\--\images\Fonts_3d_Graphics\Preview-165.jpg
H:\--\images\Fonts_3d_Graphics\Preview-166.jpg,H:\--\images\Fonts_3d_Graphics\Preview-166.jpg
H:\--\images\Fonts_3d_Graphics\Preview-167.jpg,H:\--\images\Fonts_3d_Graphics\Preview-167.jpg
H:\--\images\Fonts_3d_Graphics\Preview-168.jpg,H:\--\images\Fonts_3d_Graphics\Preview-168.jpg
H:\--\images\Fonts_3d_Graphics\Preview-169.jpg,H:\--\images\Fonts_3d_Graphics\Preview-169.jpg
H:\--\images\Fonts_3d_Graphics\Preview-170.jpg,H:\--\images\Fonts_3d_Graphics\Preview-170.jpg
H:\--\images\Fonts_3d_Graphics\Preview-171.jpg,H:\--\images\Fonts_3d_Graphics\Preview-171.jpg
H:\--\images\Fonts_3d_Graphics\Preview-172.jpg,H:\--\images\Fonts_3d_Graphics\Preview-172.jpg
H:\--\images\Fonts_3d_Graphics\Preview-173.jpg,H:\--\images\Fonts_3d_Graphics\Preview-173.jpg
H:\--\images\Fonts_3d_Graphics\Preview-174.jpg,H:\--\images\Fonts_3d_Graphics\Preview-174.jpg
H:\--\images\Fonts_3d_Graphics\Preview-175.jpg,H:\--\images\Fonts_3d_Graphics\Preview-175.jpg
H:\--\images\Fonts_3d_Graphics\Preview-176.jpg,H:\--\images\Fonts_3d_Graphics\Preview-176.jpg
H:\--\images\Fonts_3d_Graphics\Preview-177.jpg,H:\--\images\Fonts_3d_Graphics\Preview-177.jpg
H:\--\images\Fonts_3d_Graphics\Preview-178.jpg,H:\--\images\Fonts_3d_Graphics\Preview-178.jpg
H:\--\images\Fonts_3d_Graphics\Preview-179.jpg,H:\--\images\Fonts_3d_Graphics\Preview-179.jpg
H:\--\images\Fonts_3d_Graphics\Preview-180.jpg,H:\--\images\Fonts_3d_Graphics\Preview-180.jpg
H:\--\images\Fonts_3d_Graphics\Preview-181.jpg,H:\--\images\Fonts_3d_Graphics\Preview-181.jpg
H:\--\images\Fonts_3d_Graphics\Preview-182.jpg,H:\--\images\Fonts_3d_Graphics\Preview-182.jpg
H:\--\images\Fonts_3d_Graphics\Preview-183.jpg,H:\--\images\Fonts_3d_Graphics\Preview-183.jpg
H:\--\images\Fonts_3d_Graphics\Preview-184.jpg,H:\--\images\Fonts_3d_Graphics\Preview-184.jpg
H:\--\images\Fonts_3d_Graphics\Preview-185.jpg,H:\--\images\Fonts_3d_Graphics\Preview-185.jpg
H:\--\images\Fonts_3d_Graphics\Preview-186.jpg,H:\--\images\Fonts_3d_Graphics\Preview-186.jpg
H:\--\images\Fonts_3d_Graphics\Preview-187.jpg,H:\--\images\Fonts_3d_Graphics\Preview-187.jpg
H:\--\images\Fonts_3d_Graphics\Preview-188.jpg,H:\--\images\Fonts_3d_Graphics\Preview-188.jpg
H:\--\images\Fonts_3d_Graphics\Preview-189.jpg,H:\--\images\Fonts_3d_Graphics\Preview-189.jpg
H:\--\images\Fonts_3d_Graphics\Preview-190.jpg,H:\--\images\Fonts_3d_Graphics\Preview-190.jpg
H:\--\images\Fonts_3d_Graphics\Preview-191.jpg,H:\--\images\Fonts_3d_Graphics\Preview-191.jpg
H:\--\images\Fonts_3d_Graphics\Preview-192.jpg,H:\--\images\Fonts_3d_Graphics\Preview-192.jpg
H:\--\images\Fonts_3d_Graphics\Preview-193.jpg,H:\--\images\Fonts_3d_Graphics\Preview-193.jpg
H:\--\images\Fonts_3d_Graphics\Preview-194.jpg,H:\--\images\Fonts_3d_Graphics\Preview-194.jpg
H:\--\images\Fonts_3d_Graphics\Preview-195.jpg,H:\--\images\Fonts_3d_Graphics\Preview-195.jpg
H:\--\images\Fonts_3d_Graphics\Preview-196.jpg,H:\--\images\Fonts_3d_Graphics\Preview-196.jpg
H:\--\images\Fonts_3d_Graphics\Preview-197.jpg,H:\--\images\Fonts_3d_Graphics\Preview-197.jpg
H:\--\images\Fonts_3d_Graphics\Preview-198.jpg,H:\--\images\Fonts_3d_Graphics\Preview-198.jpg
H:\--\images\Fonts_3d_Graphics\Preview-199.jpg,H:\--\images\Fonts_3d_Graphics\Preview-199.jpg
H:\--\images\Fonts_3d_Graphics\Preview-200.jpg,H:\--\images\Fonts_3d_Graphics\Preview-200.jpg
H:\--\images\Fonts_3d_Graphics\Preview-201.jpg,H:\--\images\Fonts_3d_Graphics\Preview-201.jpg
H:\--\images\Fonts_3d_Graphics\Preview-202.jpg,H:\--\images\Fonts_3d_Graphics\Preview-202.jpg
H:\--\images\Fonts_3d_Graphics\Preview-203.jpg,H:\--\images\Fonts_3d_Graphics\Preview-203.jpg
H:\--\images\Fonts_3d_Graphics\Preview-204.jpg,H:\--\images\Fonts_3d_Graphics\Preview-204.jpg
H:\--\images\Fonts_3d_Graphics\Preview-205.jpg,H:\--\images\Fonts_3d_Graphics\Preview-205.jpg
H:\--\images\Fonts_3d_Graphics\Preview-206.jpg,H:\--\images\Fonts_3d_Graphics\Preview-206.jpg
H:\--\images\Fonts_3d_Graphics\Preview-207.jpg,H:\--\images\Fonts_3d_Graphics\Preview-207.jpg
H:\--\images\Fonts_3d_Graphics\Preview-208.jpg,H:\--\images\Fonts_3d_Graphics\Preview-208.jpg
H:\--\images\Fonts_3d_Graphics\Preview-209.jpg,H:\--\images\Fonts_3d_Graphics\Preview-209.jpg
H:\--\images\Fonts_3d_Graphics\Preview-210.jpg,H:\--\images\Fonts_3d_Graphics\Preview-210.jpg
H:\--\images\Fonts_3d_Graphics\Preview-211.jpg,H:\--\images\Fonts_3d_Graphics\Preview-211.jpg
H:\--\images\Fonts_3d_Graphics\Preview-212.jpg,H:\--\images\Fonts_3d_Graphics\Preview-212.jpg
H:\--\images\Fonts_3d_Graphics\Preview-213.jpg,H:\--\images\Fonts_3d_Graphics\Preview-213.jpg
H:\--\images\Fonts_3d_Graphics\Preview-214.jpg,H:\--\images\Fonts_3d_Graphics\Preview-214.jpg
H:\--\images\Fonts_3d_Graphics\Preview-215.jpg,H:\--\images\Fonts_3d_Graphics\Preview-215.jpg
H:\--\images\Fonts_3d_Graphics\Preview-216.jpg,H:\--\images\Fonts_3d_Graphics\Preview-216.jpg
H:\--\images\Fonts_3d_Graphics\Preview-217.jpg,H:\--\images\Fonts_3d_Graphics\Preview-217.jpg
H:\--\images\Fonts_3d_Graphics\Preview-218.jpg,H:\--\images\Fonts_3d_Graphics\Preview-218.jpg
H:\--\images\Fonts_3d_Graphics\Preview-219.jpg,H:\--\images\Fonts_3d_Graphics\Preview-219.jpg
H:\--\images\Fonts_3d_Graphics\Preview-220.jpg,H:\--\images\Fonts_3d_Graphics\Preview-220.jpg
H:\--\images\Fonts_3d_Graphics\Preview-221.jpg,H:\--\images\Fonts_3d_Graphics\Preview-221.jpg
H:\--\images\Fonts_3d_Graphics\Preview-222.jpg,H:\--\images\Fonts_3d_Graphics\Preview-222.jpg
H:\--\images\Fonts_3d_Graphics\Preview-223.jpg,H:\--\images\Fonts_3d_Graphics\Preview-223.jpg
H:\--\images\Fonts_3d_Graphics\Preview-224.jpg,H:\--\images\Fonts_3d_Graphics\Preview-224.jpg
H:\--\images\Fonts_3d_Graphics\Preview-225.jpg,H:\--\images\Fonts_3d_Graphics\Preview-225.jpg
H:\--\images\Fonts_3d_Graphics\Preview-226.jpg,H:\--\images\Fonts_3d_Graphics\Preview-226.jpg
H:\--\images\Fonts_3d_Graphics\Preview-227.jpg,H:\--\images\Fonts_3d_Graphics\Preview-227.jpg
H:\--\images\Fonts_3d_Graphics\Preview-228.jpg,H:\--\images\Fonts_3d_Graphics\Preview-228.jpg
H:\--\images\Fonts_3d_Graphics\Preview-229.jpg,H:\--\images\Fonts_3d_Graphics\Preview-229.jpg
H:\--\images\Fonts_3d_Graphics\Preview-230.jpg,H:\--\images\Fonts_3d_Graphics\Preview-230.jpg
H:\--\images\Fonts_3d_Graphics\Preview-231.jpg,H:\--\images\Fonts_3d_Graphics\Preview-231.jpg
H:\--\images\Fonts_3d_Graphics\Preview-232.jpg,H:\--\images\Fonts_3d_Graphics\Preview-232.jpg
H:\--\images\Fonts_3d_Graphics\Preview-233.jpg,H:\--\images\Fonts_3d_Graphics\Preview-233.jpg
H:\--\images\Fonts_3d_Graphics\Preview-234.jpg,H:\--\images\Fonts_3d_Graphics\Preview-234.jpg
H:\--\images\Fonts_3d_Graphics\Preview-235.jpg,H:\--\images\Fonts_3d_Graphics\Preview-235.jpg
H:\--\images\Fonts_3d_Graphics\Preview-236.jpg,H:\--\images\Fonts_3d_Graphics\Preview-236.jpg
H:\--\images\Fonts_3d_Graphics\Preview-237.jpg,H:\--\images\Fonts_3d_Graphics\Preview-237.jpg
H:\--\images\Fonts_3d_Graphics\Preview-238.jpg,H:\--\images\Fonts_3d_Graphics\Preview-238.jpg
H:\--\images\Fonts_3d_Graphics\Preview-239.jpg,H:\--\images\Fonts_3d_Graphics\Preview-239.jpg
H:\--\images\Fonts_3d_Graphics\Preview-240.jpg,H:\--\images\Fonts_3d_Graphics\Preview-240.jpg
H:\--\images\Fonts_3d_Graphics\Preview-241.jpg,H:\--\images\Fonts_3d_Graphics\Preview-241.jpg
H:\--\images\Fonts_3d_Graphics\Preview-242.jpg,H:\--\images\Fonts_3d_Graphics\Preview-242.jpg
H:\--\images\Fonts_3d_Graphics\Preview-243.jpg,H:\--\images\Fonts_3d_Graphics\Preview-243.jpg
H:\--\images\Fonts_3d_Graphics\Preview-244.jpg,H:\--\images\Fonts_3d_Graphics\Preview-244.jpg
H:\--\images\Fonts_3d_Graphics\Preview-245.jpg,H:\--\images\Fonts_3d_Graphics\Preview-245.jpg
H:\--\images\Fonts_3d_Graphics\Preview-246.jpg,H:\--\images\Fonts_3d_Graphics\Preview-246.jpg
H:\--\images\Fonts_3d_Graphics\Preview-247.jpg,H:\--\images\Fonts_3d_Graphics\Preview-247.jpg
H:\--\images\Fonts_3d_Graphics\Preview-248.jpg,H:\--\images\Fonts_3d_Graphics\Preview-248.jpg
H:\--\images\Fonts_3d_Graphics\Preview-249.jpg,H:\--\images\Fonts_3d_Graphics\Preview-249.jpg
H:\--\images\Fonts_3d_Graphics\Preview-250.jpg,H:\--\images\Fonts_3d_Graphics\Preview-250.jpg
H:\--\images\Fonts_3d_Graphics\Preview-251.jpg,H:\--\images\Fonts_3d_Graphics\Preview-251.jpg
H:\--\images\Fonts_3d_Graphics\Preview-252.jpg,H:\--\images\Fonts_3d_Graphics\Preview-252.jpg
H:\--\images\Fonts_3d_Graphics\Preview-253.jpg,H:\--\images\Fonts_3d_Graphics\Preview-253.jpg
H:\--\images\Fonts_3d_Graphics\Preview-254.jpg,H:\--\images\Fonts_3d_Graphics\Preview-254.jpg
H:\--\images\Fonts_3d_Graphics\Preview-255.jpg,H:\--\images\Fonts_3d_Graphics\Preview-255.jpg
H:\--\images\Fonts_3d_Graphics\Preview-256.jpg,H:\--\images\Fonts_3d_Graphics\Preview-256.jpg
H:\--\images\Fonts_3d_Graphics\Preview-257.jpg,H:\--\images\Fonts_3d_Graphics\Preview-257.jpg
H:\--\images\Fonts_3d_Graphics\Preview-258.jpg,H:\--\images\Fonts_3d_Graphics\Preview-258.jpg
H:\--\images\Fonts_3d_Graphics\Preview-259.jpg,H:\--\images\Fonts_3d_Graphics\Preview-259.jpg
H:\--\images\Fonts_3d_Graphics\Preview-260.jpg,H:\--\images\Fonts_3d_Graphics\Preview-260.jpg
H:\--\images\Fonts_3d_Graphics\Preview-261.jpg,H:\--\images\Fonts_3d_Graphics\Preview-261.jpg
H:\--\images\Fonts_3d_Graphics\Preview-262.jpg,H:\--\images\Fonts_3d_Graphics\Preview-262.jpg
H:\--\images\Fonts_3d_Graphics\Preview-263.jpg,H:\--\images\Fonts_3d_Graphics\Preview-263.jpg
H:\--\images\Fonts_3d_Graphics\Preview-264.jpg,H:\--\images\Fonts_3d_Graphics\Preview-264.jpg
H:\--\images\Fonts_3d_Graphics\Preview-265.jpg,H:\--\images\Fonts_3d_Graphics\Preview-265.jpg
H:\--\images\Fonts_3d_Graphics\Preview-266.jpg,H:\--\images\Fonts_3d_Graphics\Preview-266.jpg
H:\--\images\Fonts_3d_Graphics\Preview-267.jpg,H:\--\images\Fonts_3d_Graphics\Preview-267.jpg
H:\--\images\Fonts_3d_Graphics\Preview-268.jpg,H:\--\images\Fonts_3d_Graphics\Preview-268.jpg
H:\--\images\Fonts_3d_Graphics\Preview-269.jpg,H:\--\images\Fonts_3d_Graphics\Preview-269.jpg
H:\--\images\Fonts_3d_Graphics\Preview-270.jpg,H:\--\images\Fonts_3d_Graphics\Preview-270.jpg
H:\--\images\Fonts_3d_Graphics\Preview-271.jpg,H:\--\images\Fonts_3d_Graphics\Preview-271.jpg
H:\--\images\Fonts_3d_Graphics\Preview-272.jpg,H:\--\images\Fonts_3d_Graphics\Preview-272.jpg
H:\--\images\Fonts_3d_Graphics\Preview-273.jpg,H:\--\images\Fonts_3d_Graphics\Preview-273.jpg
H:\--\images\Fonts_3d_Graphics\Preview-274.jpg,H:\--\images\Fonts_3d_Graphics\Preview-274.jpg
H:\--\images\Fonts_3d_Graphics\Preview-275.jpg,H:\--\images\Fonts_3d_Graphics\Preview-275.jpg
H:\--\images\Fonts_3d_Graphics\Preview-276.jpg,H:\--\images\Fonts_3d_Graphics\Preview-276.jpg
H:\--\images\Fonts_3d_Graphics\Preview-277.jpg,H:\--\images\Fonts_3d_Graphics\Preview-277.jpg
H:\--\images\Fonts_3d_Graphics\Preview-278.jpg,H:\--\images\Fonts_3d_Graphics\Preview-278.jpg
H:\--\images\Fonts_3d_Graphics\Preview-279.jpg,H:\--\images\Fonts_3d_Graphics\Preview-279.jpg
H:\--\images\Fonts_3d_Graphics\Preview-280.jpg,H:\--\images\Fonts_3d_Graphics\Preview-280.jpg
H:\--\images\Fonts_3d_Graphics\Preview-281.jpg,H:\--\images\Fonts_3d_Graphics\Preview-281.jpg
H:\--\images\Fonts_3d_Graphics\Preview-282.jpg,H:\--\images\Fonts_3d_Graphics\Preview-282.jpg
H:\--\images\Fonts_3d_Graphics\Preview-283.jpg,H:\--\images\Fonts_3d_Graphics\Preview-283.jpg
H:\--\images\Fonts_3d_Graphics\Preview-284.jpg,H:\--\images\Fonts_3d_Graphics\Preview-284.jpg
H:\--\images\Fonts_3d_Graphics\Preview-285.jpg,H:\--\images\Fonts_3d_Graphics\Preview-285.jpg
H:\--\images\Fonts_3d_Graphics\Preview-286.jpg,H:\--\images\Fonts_3d_Graphics\Preview-286.jpg
H:\--\images\Fonts_3d_Graphics\Preview-287.jpg,H:\--\images\Fonts_3d_Graphics\Preview-287.jpg
H:\--\images\Fonts_3d_Graphics\Preview-288.jpg,H:\--\images\Fonts_3d_Graphics\Preview-288.jpg
H:\--\images\Fonts_3d_Graphics\Preview-289.jpg,H:\--\images\Fonts_3d_Graphics\Preview-289.jpg
H:\--\images\Fonts_3d_Graphics\Preview-290.jpg,H:\--\images\Fonts_3d_Graphics\Preview-290.jpg
H:\--\images\Fonts_3d_Graphics\Preview-291.jpg,H:\--\images\Fonts_3d_Graphics\Preview-291.jpg
H:\--\images\Fonts_3d_Graphics\Preview-292.jpg,H:\--\images\Fonts_3d_Graphics\Preview-292.jpg
H:\--\images\Fonts_3d_Graphics\Preview-293.jpg,H:\--\images\Fonts_3d_Graphics\Preview-293.jpg
H:\--\images\Fonts_3d_Graphics\Preview-294.jpg,H:\--\images\Fonts_3d_Graphics\Preview-294.jpg
H:\--\images\Fonts_3d_Graphics\Preview-295.jpg,H:\--\images\Fonts_3d_Graphics\Preview-295.jpg
H:\--\images\Fonts_3d_Graphics\Preview-296.jpg,H:\--\images\Fonts_3d_Graphics\Preview-296.jpg
H:\--\images\Fonts_3d_Graphics\Preview-297.jpg,H:\--\images\Fonts_3d_Graphics\Preview-297.jpg
H:\--\images\Fonts_3d_Graphics\Preview-298.jpg,H:\--\images\Fonts_3d_Graphics\Preview-298.jpg
H:\--\images\Fonts_3d_Graphics\Preview-299.jpg,H:\--\images\Fonts_3d_Graphics\Preview-299.jpg
H:\--\images\Fonts_3d_Graphics\Preview-300.jpg,H:\--\images\Fonts_3d_Graphics\Preview-300.jpg
H:\--\images\Fonts_3d_Graphics\Preview-301.jpg,H:\--\images\Fonts_3d_Graphics\Preview-301.jpg
H:\--\images\Fonts_3d_Graphics\Preview-302.jpg,H:\--\images\Fonts_3d_Graphics\Preview-302.jpg
H:\--\images\Fonts_3d_Graphics\Preview-303.jpg,H:\--\images\Fonts_3d_Graphics\Preview-303.jpg
H:\--\images\Fonts_3d_Graphics\Preview-304.jpg,H:\--\images\Fonts_3d_Graphics\Preview-304.jpg
H:\--\images\Fonts_3d_Graphics\Preview-305.jpg,H:\--\images\Fonts_3d_Graphics\Preview-305.jpg
H:\--\images\Fonts_3d_Graphics\Preview-306.jpg,H:\--\images\Fonts_3d_Graphics\Preview-306.jpg
H:\--\images\Fonts_3d_Graphics\Preview-307.jpg,H:\--\images\Fonts_3d_Graphics\Preview-307.jpg
H:\--\images\Fonts_3d_Graphics\Preview-308.jpg,H:\--\images\Fonts_3d_Graphics\Preview-308.jpg
H:\--\images\Fonts_3d_Graphics\Preview-309.jpg,H:\--\images\Fonts_3d_Graphics\Preview-309.jpg
H:\--\images\Fonts_3d_Graphics\Preview-310.jpg,H:\--\images\Fonts_3d_Graphics\Preview-310.jpg
H:\--\images\Fonts_3d_Graphics\Preview-311.jpg,H:\--\images\Fonts_3d_Graphics\Preview-311.jpg
H:\--\images\Fonts_3d_Graphics\Preview-312.jpg,H:\--\images\Fonts_3d_Graphics\Preview-312.jpg
H:\--\images\Fonts_3d_Graphics\Preview-313.jpg,H:\--\images\Fonts_3d_Graphics\Preview-313.jpg
H:\--\images\Fonts_3d_Graphics\Preview-314.jpg,H:\--\images\Fonts_3d_Graphics\Preview-314.jpg
H:\--\images\Fonts_3d_Graphics\Preview-315.jpg,H:\--\images\Fonts_3d_Graphics\Preview-315.jpg
H:\--\images\Fonts_3d_Graphics\Preview-316.jpg,H:\--\images\Fonts_3d_Graphics\Preview-316.jpg
H:\--\images\Fonts_3d_Graphics\Preview-317.jpg,H:\--\images\Fonts_3d_Graphics\Preview-317.jpg
H:\--\images\Fonts_3d_Graphics\Preview-318.jpg,H:\--\images\Fonts_3d_Graphics\Preview-318.jpg
H:\--\images\Fonts_3d_Graphics\Preview-319.jpg,H:\--\images\Fonts_3d_Graphics\Preview-319.jpg
H:\--\images\Fonts_3d_Graphics\Preview-320.jpg,H:\--\images\Fonts_3d_Graphics\Preview-320.jpg
H:\--\images\Fonts_3d_Graphics\Preview-321.jpg,H:\--\images\Fonts_3d_Graphics\Preview-321.jpg
H:\--\images\Fonts_3d_Graphics\Preview-322.jpg,H:\--\images\Fonts_3d_Graphics\Preview-322.jpg
H:\--\images\Fonts_3d_Graphics\Preview-323.jpg,H:\--\images\Fonts_3d_Graphics\Preview-323.jpg
H:\--\images\Fonts_3d_Graphics\Preview-324.jpg,H:\--\images\Fonts_3d_Graphics\Preview-324.jpg
H:\--\images\Fonts_3d_Graphics\Preview-325.jpg,H:\--\images\Fonts_3d_Graphics\Preview-325.jpg
H:\--\images\Fonts_3d_Graphics\Preview-326.jpg,H:\--\images\Fonts_3d_Graphics\Preview-326.jpg
H:\--\images\Fonts_3d_Graphics\Preview-327.jpg,H:\--\images\Fonts_3d_Graphics\Preview-327.jpg
H:\--\images\Fonts_3d_Graphics\Preview-328.jpg,H:\--\images\Fonts_3d_Graphics\Preview-328.jpg
H:\--\images\Fonts_3d_Graphics\Preview-329.jpg,H:\--\images\Fonts_3d_Graphics\Preview-329.jpg
H:\--\images\Fonts_3d_Graphics\Preview-330.jpg,H:\--\images\Fonts_3d_Graphics\Preview-330.jpg
H:\--\images\Fonts_3d_Graphics\Preview-331.jpg,H:\--\images\Fonts_3d_Graphics\Preview-331.jpg
H:\--\images\Fonts_3d_Graphics\Preview-332.jpg,H:\--\images\Fonts_3d_Graphics\Preview-332.jpg
H:\--\images\Fonts_3d_Graphics\Preview-333.jpg,H:\--\images\Fonts_3d_Graphics\Preview-333.jpg
H:\--\images\Fonts_3d_Graphics\Preview-334.jpg,H:\--\images\Fonts_3d_Graphics\Preview-334.jpg
H:\--\images\Fonts_3d_Graphics\Preview-335.jpg,H:\--\images\Fonts_3d_Graphics\Preview-335.jpg
H:\--\images\Fonts_3d_Graphics\Preview-336.jpg,H:\--\images\Fonts_3d_Graphics\Preview-336.jpg
H:\--\images\Fonts_3d_Graphics\Preview-337.jpg,H:\--\images\Fonts_3d_Graphics\Preview-337.jpg
H:\--\images\Fonts_3d_Graphics\Preview-338.jpg,H:\--\images\Fonts_3d_Graphics\Preview-338.jpg
H:\--\images\Fonts_3d_Graphics\Preview-339.jpg,H:\--\images\Fonts_3d_Graphics\Preview-339.jpg
H:\--\images\Fonts_3d_Graphics\Preview-340.jpg,H:\--\images\Fonts_3d_Graphics\Preview-340.jpg
H:\--\images\Fonts_3d_Graphics\Preview-341.jpg,H:\--\images\Fonts_3d_Graphics\Preview-341.jpg
H:\--\images\Fonts_3d_Graphics\Preview-342.jpg,H:\--\images\Fonts_3d_Graphics\Preview-342.jpg
H:\--\images\Fonts_3d_Graphics\Preview-343.jpg,H:\--\images\Fonts_3d_Graphics\Preview-343.jpg
H:\--\images\Fonts_3d_Graphics\Preview-344.jpg,H:\--\images\Fonts_3d_Graphics\Preview-344.jpg
H:\--\images\Fonts_3d_Graphics\Preview-345.jpg,H:\--\images\Fonts_3d_Graphics\Preview-345.jpg
H:\--\images\Fonts_3d_Graphics\Preview-346.jpg,H:\--\images\Fonts_3d_Graphics\Preview-346.jpg
H:\--\images\Fonts_3d_Graphics\Preview-347.jpg,H:\--\images\Fonts_3d_Graphics\Preview-347.jpg
H:\--\images\Fonts_3d_Graphics\Preview-348.jpg,H:\--\images\Fonts_3d_Graphics\Preview-348.jpg
H:\--\images\Fonts_3d_Graphics\Preview-349.jpg,H:\--\images\Fonts_3d_Graphics\Preview-349.jpg
H:\--\images\Fonts_3d_Graphics\Preview-350.jpg,H:\--\images\Fonts_3d_Graphics\Preview-350.jpg
H:\--\images\Fonts_3d_Graphics\Preview-351.jpg,H:\--\images\Fonts_3d_Graphics\Preview-351.jpg
H:\--\images\Fonts_3d_Graphics\Preview-352.jpg,H:\--\images\Fonts_3d_Graphics\Preview-352.jpg
H:\--\images\Fonts_3d_Graphics\Preview-353.jpg,H:\--\images\Fonts_3d_Graphics\Preview-353.jpg
H:\--\images\Fonts_3d_Graphics\Preview-354.jpg,H:\--\images\Fonts_3d_Graphics\Preview-354.jpg
H:\--\images\Fonts_3d_Graphics\Preview-355.jpg,H:\--\images\Fonts_3d_Graphics\Preview-355.jpg
H:\--\images\Fonts_3d_Graphics\Preview-356.jpg,H:\--\images\Fonts_3d_Graphics\Preview-356.jpg
H:\--\images\Fonts_3d_Graphics\Preview-357.jpg,H:\--\images\Fonts_3d_Graphics\Preview-357.jpg
H:\--\images\Fonts_3d_Graphics\Preview-358.jpg,H:\--\images\Fonts_3d_Graphics\Preview-358.jpg
H:\--\images\Fonts_3d_Graphics\Preview-359.jpg,H:\--\images\Fonts_3d_Graphics\Preview-359.jpg
H:\--\images\Fonts_3d_Graphics\Preview-360.jpg,H:\--\images\Fonts_3d_Graphics\Preview-360.jpg
H:\--\images\Fonts_3d_Graphics\Preview-361.jpg,H:\--\images\Fonts_3d_Graphics\Preview-361.jpg
H:\--\images\Fonts_3d_Graphics\Preview-362.jpg,H:\--\images\Fonts_3d_Graphics\Preview-362.jpg
H:\--\images\Fonts_3d_Graphics\Preview-363.jpg,H:\--\images\Fonts_3d_Graphics\Preview-363.jpg
H:\--\images\Fonts_3d_Graphics\Preview-364.jpg,H:\--\images\Fonts_3d_Graphics\Preview-364.jpg
H:\--\images\Fonts_3d_Graphics\Preview-365.jpg,H:\--\images\Fonts_3d_Graphics\Preview-365.jpg
H:\--\images\Fonts_3d_Graphics\Preview-366.jpg,H:\--\images\Fonts_3d_Graphics\Preview-366.jpg
H:\--\images\Fonts_3d_Graphics\Preview-367.jpg,H:\--\images\Fonts_3d_Graphics\Preview-367.jpg
H:\--\images\Fonts_3d_Graphics\Preview-368.jpg,H:\--\images\Fonts_3d_Graphics\Preview-368.jpg
H:\--\images\Fonts_3d_Graphics\Preview-369.jpg,H:\--\images\Fonts_3d_Graphics\Preview-369.jpg
H:\--\images\Fonts_3d_Graphics\Preview-370.jpg,H:\--\images\Fonts_3d_Graphics\Preview-370.jpg
H:\--\images\Fonts_3d_Graphics\Preview-371.jpg,H:\--\images\Fonts_3d_Graphics\Preview-371.jpg
H:\--\images\Fonts_3d_Graphics\Preview-372.jpg,H:\--\images\Fonts_3d_Graphics\Preview-372.jpg
H:\--\images\Fonts_3d_Graphics\Preview-373.jpg,H:\--\images\Fonts_3d_Graphics\Preview-373.jpg
H:\--\images\Fonts_3d_Graphics\Preview-374.jpg,H:\--\images\Fonts_3d_Graphics\Preview-374.jpg
H:\--\images\Fonts_3d_Graphics\Preview-375.jpg,H:\--\images\Fonts_3d_Graphics\Preview-375.jpg
H:\--\images\Fonts_3d_Graphics\Preview-376.jpg,H:\--\images\Fonts_3d_Graphics\Preview-376.jpg
H:\--\images\Fonts_3d_Graphics\Preview-377.jpg,H:\--\images\Fonts_3d_Graphics\Preview-377.jpg
H:\--\images\Fonts_3d_Graphics\Preview-378.jpg,H:\--\images\Fonts_3d_Graphics\Preview-378.jpg
H:\--\images\Fonts_3d_Graphics\Preview-379.jpg,H:\--\images\Fonts_3d_Graphics\Preview-379.jpg
H:\--\images\Fonts_3d_Graphics\Preview-380.jpg,H:\--\images\Fonts_3d_Graphics\Preview-380.jpg
H:\--\images\Fonts_3d_Graphics\Preview-381.jpg,H:\--\images\Fonts_3d_Graphics\Preview-381.jpg
H:\--\images\Fonts_3d_Graphics\Preview-382.jpg,H:\--\images\Fonts_3d_Graphics\Preview-382.jpg
H:\--\images\Fonts_3d_Graphics\Preview-383.jpg,H:\--\images\Fonts_3d_Graphics\Preview-383.jpg
H:\--\images\Fonts_3d_Graphics\Preview-384.jpg,H:\--\images\Fonts_3d_Graphics\Preview-384.jpg
H:\--\images\Fonts_3d_Graphics\Preview-385.jpg,H:\--\images\Fonts_3d_Graphics\Preview-385.jpg
H:\--\images\Fonts_3d_Graphics\Preview-386.jpg,H:\--\images\Fonts_3d_Graphics\Preview-386.jpg
H:\--\images\Fonts_3d_Graphics\Preview-387.jpg,H:\--\images\Fonts_3d_Graphics\Preview-387.jpg
H:\--\images\Fonts_3d_Graphics\Preview-388.jpg,H:\--\images\Fonts_3d_Graphics\Preview-388.jpg
H:\--\images\Fonts_3d_Graphics\Preview-389.jpg,H:\--\images\Fonts_3d_Graphics\Preview-389.jpg
H:\--\images\Fonts_3d_Graphics\Preview-390.jpg,H:\--\images\Fonts_3d_Graphics\Preview-390.jpg
H:\--\images\Fonts_3d_Graphics\Preview-391.jpg,H:\--\images\Fonts_3d_Graphics\Preview-391.jpg
H:\--\images\Fonts_3d_Graphics\Preview-392.jpg,H:\--\images\Fonts_3d_Graphics\Preview-392.jpg
H:\--\images\Fonts_3d_Graphics\Preview-393.jpg,H:\--\images\Fonts_3d_Graphics\Preview-393.jpg
H:\--\images\Fonts_3d_Graphics\Preview-394.jpg,H:\--\images\Fonts_3d_Graphics\Preview-394.jpg
H:\--\images\Fonts_3d_Graphics\Preview-395.jpg,H:\--\images\Fonts_3d_Graphics\Preview-395.jpg
H:\--\images\Fonts_3d_Graphics\Preview-396.jpg,H:\--\images\Fonts_3d_Graphics\Preview-396.jpg
H:\--\images\Fonts_3d_Graphics\Preview-397.jpg,H:\--\images\Fonts_3d_Graphics\Preview-397.jpg
H:\--\images\Fonts_3d_Graphics\Preview-398.jpg,H:\--\images\Fonts_3d_Graphics\Preview-398.jpg
H:\--\images\Fonts_3d_Graphics\Preview-399.jpg,H:\--\images\Fonts_3d_Graphics\Preview-399.jpg
H:\--\images\Fonts_3d_Graphics\Preview-400.jpg,H:\--\images\Fonts_3d_Graphics\Preview-400.jpg
H:\--\images\Fonts_3d_Graphics\Preview-401.jpg,H:\--\images\Fonts_3d_Graphics\Preview-401.jpg
H:\--\images\Fonts_3d_Graphics\Preview-402.jpg,H:\--\images\Fonts_3d_Graphics\Preview-402.jpg
H:\--\images\Fonts_3d_Graphics\Preview-403.jpg,H:\--\images\Fonts_3d_Graphics\Preview-403.jpg
H:\--\images\Fonts_3d_Graphics\Preview-404.jpg,H:\--\images\Fonts_3d_Graphics\Preview-404.jpg
H:\--\images\Fonts_3d_Graphics\Preview-405.jpg,H:\--\images\Fonts_3d_Graphics\Preview-405.jpg
H:\--\images\Fonts_3d_Graphics\Preview-406.jpg,H:\--\images\Fonts_3d_Graphics\Preview-406.jpg
H:\--\images\Fonts_3d_Graphics\Preview-407.jpg,H:\--\images\Fonts_3d_Graphics\Preview-407.jpg
H:\--\images\Fonts_3d_Graphics\Preview-408.jpg,H:\--\images\Fonts_3d_Graphics\Preview-408.jpg
H:\--\images\Fonts_3d_Graphics\Preview-409.jpg,H:\--\images\Fonts_3d_Graphics\Preview-409.jpg
H:\--\images\Fonts_3d_Graphics\Preview-410.jpg,H:\--\images\Fonts_3d_Graphics\Preview-410.jpg
H:\--\images\Fonts_3d_Graphics\Preview-411.jpg,H:\--\images\Fonts_3d_Graphics\Preview-411.jpg
H:\--\images\Fonts_3d_Graphics\Preview-412.jpg,H:\--\images\Fonts_3d_Graphics\Preview-412.jpg
H:\--\images\Fonts_3d_Graphics\Preview-413.jpg,H:\--\images\Fonts_3d_Graphics\Preview-413.jpg
H:\--\images\Fonts_3d_Graphics\Preview-414.jpg,H:\--\images\Fonts_3d_Graphics\Preview-414.jpg
H:\--\images\Fonts_3d_Graphics\Preview-415.jpg,H:\--\images\Fonts_3d_Graphics\Preview-415.jpg
H:\--\images\Fonts_3d_Graphics\Preview-416.jpg,H:\--\images\Fonts_3d_Graphics\Preview-416.jpg
H:\--\images\Fonts_3d_Graphics\Preview-417.jpg,H:\--\images\Fonts_3d_Graphics\Preview-417.jpg
H:\--\images\Fonts_3d_Graphics\Preview-418.jpg,H:\--\images\Fonts_3d_Graphics\Preview-418.jpg
H:\--\images\Fonts_3d_Graphics\Preview-419.jpg,H:\--\images\Fonts_3d_Graphics\Preview-419.jpg
H:\--\images\Fonts_3d_Graphics\Preview-420.jpg,H:\--\images\Fonts_3d_Graphics\Preview-420.jpg
H:\--\images\Fonts_3d_Graphics\Preview-421.jpg,H:\--\images\Fonts_3d_Graphics\Preview-421.jpg
H:\--\images\Fonts_3d_Graphics\Preview-422.jpg,H:\--\images\Fonts_3d_Graphics\Preview-422.jpg
H:\--\images\Fonts_3d_Graphics\Preview-423.jpg,H:\--\images\Fonts_3d_Graphics\Preview-423.jpg
H:\--\images\Fonts_3d_Graphics\Preview-424.jpg,H:\--\images\Fonts_3d_Graphics\Preview-424.jpg
H:\--\images\Fonts_3d_Graphics\Preview-425.jpg,H:\--\images\Fonts_3d_Graphics\Preview-425.jpg
H:\--\images\Fonts_3d_Graphics\Preview-426.jpg,H:\--\images\Fonts_3d_Graphics\Preview-426.jpg
H:\--\images\Fonts_3d_Graphics\Preview-427.jpg,H:\--\images\Fonts_3d_Graphics\Preview-427.jpg
H:\--\images\Fonts_3d_Graphics\Preview-428.jpg,H:\--\images\Fonts_3d_Graphics\Preview-428.jpg
H:\--\images\Fonts_3d_Graphics\Preview-429.jpg,H:\--\images\Fonts_3d_Graphics\Preview-429.jpg
H:\--\images\Fonts_3d_Graphics\Preview-430.jpg,H:\--\images\Fonts_3d_Graphics\Preview-430.jpg
H:\--\images\Fonts_3d_Graphics\Preview-431.jpg,H:\--\images\Fonts_3d_Graphics\Preview-431.jpg
H:\--\images\Fonts_3d_Graphics\Preview-432.jpg,H:\--\images\Fonts_3d_Graphics\Preview-432.jpg
H:\--\images\Fonts_3d_Graphics\Preview-433.jpg,H:\--\images\Fonts_3d_Graphics\Preview-433.jpg
H:\--\images\Fonts_3d_Graphics\Preview-434.jpg,H:\--\images\Fonts_3d_Graphics\Preview-434.jpg
H:\--\images\Fonts_3d_Graphics\Preview-435.jpg,H:\--\images\Fonts_3d_Graphics\Preview-435.jpg
H:\--\images\Fonts_3d_Graphics\Preview-436.jpg,H:\--\images\Fonts_3d_Graphics\Preview-436.jpg
H:\--\images\Fonts_3d_Graphics\Preview-437.jpg,H:\--\images\Fonts_3d_Graphics\Preview-437.jpg
H:\--\images\Fonts_3d_Graphics\Preview-438.jpg,H:\--\images\Fonts_3d_Graphics\Preview-438.jpg
H:\--\images\Fonts_3d_Graphics\Preview-439.jpg,H:\--\images\Fonts_3d_Graphics\Preview-439.jpg
H:\--\images\Fonts_3d_Graphics\Preview-440.jpg,H:\--\images\Fonts_3d_Graphics\Preview-440.jpg
H:\--\images\Fonts_3d_Graphics\Preview-441.jpg,H:\--\images\Fonts_3d_Graphics\Preview-441.jpg
H:\--\images\Fonts_3d_Graphics\Preview-442.jpg,H:\--\images\Fonts_3d_Graphics\Preview-442.jpg
H:\--\images\Fonts_3d_Graphics\Preview-443.jpg,H:\--\images\Fonts_3d_Graphics\Preview-443.jpg
H:\--\images\Fonts_3d_Graphics\Preview-444.jpg,H:\--\images\Fonts_3d_Graphics\Preview-444.jpg
H:\--\images\Fonts_3d_Graphics\Preview-445.jpg,H:\--\images\Fonts_3d_Graphics\Preview-445.jpg
H:\--\images\Fonts_3d_Graphics\Preview-446.jpg,H:\--\images\Fonts_3d_Graphics\Preview-446.jpg
H:\--\images\Fonts_3d_Graphics\Preview-447.jpg,H:\--\images\Fonts_3d_Graphics\Preview-447.jpg
H:\--\images\Fonts_3d_Graphics\Preview-448.jpg,H:\--\images\Fonts_3d_Graphics\Preview-448.jpg
H:\--\images\Fonts_3d_Graphics\Preview-449.jpg,H:\--\images\Fonts_3d_Graphics\Preview-449.jpg
H:\--\images\Fonts_3d_Graphics\Preview-450.jpg,H:\--\images\Fonts_3d_Graphics\Preview-450.jpg
H:\--\images\Fonts_3d_Graphics\Preview-451.jpg,H:\--\images\Fonts_3d_Graphics\Preview-451.jpg
H:\--\images\Fonts_3d_Graphics\Preview-452.jpg,H:\--\images\Fonts_3d_Graphics\Preview-452.jpg
H:\--\images\Fonts_3d_Graphics\Preview-453.jpg,H:\--\images\Fonts_3d_Graphics\Preview-453.jpg
H:\--\images\Fonts_3d_Graphics\Preview-454.jpg,H:\--\images\Fonts_3d_Graphics\Preview-454.jpg
H:\--\images\Fonts_3d_Graphics\Preview-455.jpg,H:\--\images\Fonts_3d_Graphics\Preview-455.jpg
H:\--\images\Fonts_3d_Graphics\Preview-456.jpg,H:\--\images\Fonts_3d_Graphics\Preview-456.jpg
H:\--\images\Fonts_3d_Graphics\Preview-457.jpg,H:\--\images\Fonts_3d_Graphics\Preview-457.jpg
H:\--\images\Fonts_3d_Graphics\Preview-458.jpg,H:\--\images\Fonts_3d_Graphics\Preview-458.jpg
H:\--\images\Fonts_3d_Graphics\Preview-459.jpg,H:\--\images\Fonts_3d_Graphics\Preview-459.jpg
H:\--\images\Fonts_3d_Graphics\Preview-460.jpg,H:\--\images\Fonts_3d_Graphics\Preview-460.jpg
H:\--\images\Fonts_3d_Graphics\Preview-461.jpg,H:\--\images\Fonts_3d_Graphics\Preview-461.jpg
H:\--\images\Fonts_3d_Graphics\Preview-462.jpg,H:\--\images\Fonts_3d_Graphics\Preview-462.jpg
H:\--\images\Fonts_3d_Graphics\Preview-463.jpg,H:\--\images\Fonts_3d_Graphics\Preview-463.jpg
H:\--\images\Fonts_3d_Graphics\Preview-464.jpg,H:\--\images\Fonts_3d_Graphics\Preview-464.jpg
H:\--\images\Fonts_3d_Graphics\Preview-465.jpg,H:\--\images\Fonts_3d_Graphics\Preview-465.jpg
H:\--\images\Fonts_3d_Graphics\Preview-466.jpg,H:\--\images\Fonts_3d_Graphics\Preview-466.jpg
H:\--\images\Fonts_3d_Graphics\Preview-467.jpg,H:\--\images\Fonts_3d_Graphics\Preview-467.jpg
H:\--\images\Fonts_3d_Graphics\Preview-468.jpg,H:\--\images\Fonts_3d_Graphics\Preview-468.jpg
H:\--\images\Fonts_3d_Graphics\Preview-469.jpg,H:\--\images\Fonts_3d_Graphics\Preview-469.jpg
H:\--\images\Fonts_3d_Graphics\Preview-470.jpg,H:\--\images\Fonts_3d_Graphics\Preview-470.jpg
H:\--\images\Fonts_3d_Graphics\Preview-471.jpg,H:\--\images\Fonts_3d_Graphics\Preview-471.jpg
H:\--\images\Fonts_3d_Graphics\Preview-472.jpg,H:\--\images\Fonts_3d_Graphics\Preview-472.jpg
H:\--\images\Fonts_3d_Graphics\Preview-473.jpg,H:\--\images\Fonts_3d_Graphics\Preview-473.jpg
H:\--\images\Fonts_3d_Graphics\Preview-474.jpg,H:\--\images\Fonts_3d_Graphics\Preview-474.jpg
H:\--\images\Fonts_3d_Graphics\Preview-475.jpg,H:\--\images\Fonts_3d_Graphics\Preview-475.jpg
H:\--\images\Fonts_3d_Graphics\Preview-476.jpg,H:\--\images\Fonts_3d_Graphics\Preview-476.jpg
H:\--\images\Fonts_3d_Graphics\Preview-477.jpg,H:\--\images\Fonts_3d_Graphics\Preview-477.jpg
H:\--\images\Fonts_3d_Graphics\Preview-478.jpg,H:\--\images\Fonts_3d_Graphics\Preview-478.jpg
H:\--\images\Fonts_3d_Graphics\Preview-479.jpg,H:\--\images\Fonts_3d_Graphics\Preview-479.jpg
H:\--\images\Fonts_3d_Graphics\Preview-480.jpg,H:\--\images\Fonts_3d_Graphics\Preview-480.jpg
H:\--\images\Fonts_3d_Graphics\Preview-481.jpg,H:\--\images\Fonts_3d_Graphics\Preview-481.jpg
H:\--\images\Fonts_3d_Graphics\Preview-482.jpg,H:\--\images\Fonts_3d_Graphics\Preview-482.jpg
H:\--\images\Fonts_3d_Graphics\Preview-483.jpg,H:\--\images\Fonts_3d_Graphics\Preview-483.jpg
H:\--\images\Fonts_3d_Graphics\Preview-484.jpg,H:\--\images\Fonts_3d_Graphics\Preview-484.jpg
H:\--\images\Fonts_3d_Graphics\Preview-485.jpg,H:\--\images\Fonts_3d_Graphics\Preview-485.jpg
H:\--\images\Fonts_3d_Graphics\Preview-486.jpg,H:\--\images\Fonts_3d_Graphics\Preview-486.jpg
H:\--\images\Fonts_3d_Graphics\Preview-487.jpg,H:\--\images\Fonts_3d_Graphics\Preview-487.jpg
H:\--\images\Fonts_3d_Graphics\Preview-488.jpg,H:\--\images\Fonts_3d_Graphics\Preview-488.jpg
H:\--\images\Fonts_3d_Graphics\Preview-489.jpg,H:\--\images\Fonts_3d_Graphics\Preview-489.jpg
H:\--\images\Fonts_3d_Graphics\Preview-490.jpg,H:\--\images\Fonts_3d_Graphics\Preview-490.jpg
H:\--\images\Fonts_3d_Graphics\Preview-491.jpg,H:\--\images\Fonts_3d_Graphics\Preview-491.jpg
H:\--\images\Fonts_3d_Graphics\Preview-492.jpg,H:\--\images\Fonts_3d_Graphics\Preview-492.jpg
H:\--\images\Fonts_3d_Graphics\Preview-493.jpg,H:\--\images\Fonts_3d_Graphics\Preview-493.jpg
H:\--\images\Fonts_3d_Graphics\Preview-494.jpg,H:\--\images\Fonts_3d_Graphics\Preview-494.jpg
H:\--\images\Fonts_3d_Graphics\Preview-495.jpg,H:\--\images\Fonts_3d_Graphics\Preview-495.jpg
H:\--\images\Fonts_3d_Graphics\Preview-496.jpg,H:\--\images\Fonts_3d_Graphics\Preview-496.jpg
H:\--\images\Fonts_3d_Graphics\Preview-497.jpg,H:\--\images\Fonts_3d_Graphics\Preview-497.jpg
H:\--\images\Fonts_3d_Graphics\Preview-498.jpg,H:\--\images\Fonts_3d_Graphics\Preview-498.jpg
H:\--\images\Fonts_3d_Graphics\Preview-499.jpg,H:\--\images\Fonts_3d_Graphics\Preview-499.jpg
H:\--\images\Fonts_3d_Graphics\Preview-500.jpg,H:\--\images\Fonts_3d_Graphics\Preview-500.jpg
H:\--\images\Fonts_3d_Graphics\Preview-501.jpg,H:\--\images\Fonts_3d_Graphics\Preview-501.jpg
H:\--\images\Fonts_3d_Graphics\Preview-502.jpg,H:\--\images\Fonts_3d_Graphics\Preview-502.jpg
H:\--\images\Fonts_3d_Graphics\Preview-503.jpg,H:\--\images\Fonts_3d_Graphics\Preview-503.jpg
H:\--\images\Fonts_3d_Graphics\Preview-504.jpg,H:\--\images\Fonts_3d_Graphics\Preview-504.jpg
H:\--\images\Fonts_3d_Graphics\Preview-505.jpg,H:\--\images\Fonts_3d_Graphics\Preview-505.jpg
H:\--\images\Fonts_3d_Graphics\Preview-506.jpg,H:\--\images\Fonts_3d_Graphics\Preview-506.jpg
H:\--\images\Fonts_3d_Graphics\Preview-507.jpg,H:\--\images\Fonts_3d_Graphics\Preview-507.jpg
H:\--\images\Fonts_3d_Graphics\Preview-508.jpg,H:\--\images\Fonts_3d_Graphics\Preview-508.jpg
H:\--\images\Fonts_3d_Graphics\Preview-509.jpg,H:\--\images\Fonts_3d_Graphics\Preview-509.jpg
H:\--\images\Fonts_3d_Graphics\Preview-510.jpg,H:\--\images\Fonts_3d_Graphics\Preview-510.jpg
H:\--\images\Fonts_3d_Graphics\Preview-511.jpg,H:\--\images\Fonts_3d_Graphics\Preview-511.jpg
H:\--\images\Fonts_3d_Graphics\Preview-512.jpg,H:\--\images\Fonts_3d_Graphics\Preview-512.jpg
H:\--\images\Fonts_3d_Graphics\Preview-513.jpg,H:\--\images\Fonts_3d_Graphics\Preview-513.jpg
H:\--\images\Fonts_3d_Graphics\Preview-514.jpg,H:\--\images\Fonts_3d_Graphics\Preview-514.jpg
H:\--\images\Fonts_3d_Graphics\Preview-515.jpg,H:\--\images\Fonts_3d_Graphics\Preview-515.jpg
H:\--\images\Fonts_3d_Graphics\Preview-516.jpg,H:\--\images\Fonts_3d_Graphics\Preview-516.jpg
H:\--\images\Fonts_3d_Graphics\Preview-517.jpg,H:\--\images\Fonts_3d_Graphics\Preview-517.jpg
H:\--\images\Fonts_3d_Graphics\Preview-518.jpg,H:\--\images\Fonts_3d_Graphics\Preview-518.jpg
H:\--\images\Fonts_3d_Graphics\Preview-519.jpg,H:\--\images\Fonts_3d_Graphics\Preview-519.jpg
H:\--\images\Fonts_3d_Graphics\Preview-520.jpg,H:\--\images\Fonts_3d_Graphics\Preview-520.jpg
H:\--\images\Fonts_3d_Graphics\Preview-521.jpg,H:\--\images\Fonts_3d_Graphics\Preview-521.jpg
H:\--\images\Fonts_3d_Graphics\Preview-522.jpg,H:\--\images\Fonts_3d_Graphics\Preview-522.jpg
H:\--\images\Fonts_3d_Graphics\Preview-523.jpg,H:\--\images\Fonts_3d_Graphics\Preview-523.jpg
H:\--\images\Fonts_3d_Graphics\Preview-524.jpg,H:\--\images\Fonts_3d_Graphics\Preview-524.jpg
H:\--\images\Fonts_3d_Graphics\Preview-525.jpg,H:\--\images\Fonts_3d_Graphics\Preview-525.jpg
H:\--\images\Fonts_3d_Graphics\Preview-526.jpg,H:\--\images\Fonts_3d_Graphics\Preview-526.jpg
H:\--\images\Fonts_3d_Graphics\Preview-527.jpg,H:\--\images\Fonts_3d_Graphics\Preview-527.jpg
H:\--\images\Fonts_3d_Graphics\Preview-528.jpg,H:\--\images\Fonts_3d_Graphics\Preview-528.jpg
H:\--\images\Fonts_3d_Graphics\Preview-529.jpg,H:\--\images\Fonts_3d_Graphics\Preview-529.jpg
H:\--\images\Fonts_3d_Graphics\Preview-530.jpg,H:\--\images\Fonts_3d_Graphics\Preview-530.jpg
H:\--\images\Fonts_3d_Graphics\Preview-531.jpg,H:\--\images\Fonts_3d_Graphics\Preview-531.jpg
H:\--\images\Fonts_3d_Graphics\Preview-532.jpg,H:\--\images\Fonts_3d_Graphics\Preview-532.jpg
H:\--\images\Fonts_3d_Graphics\Preview-533.jpg,H:\--\images\Fonts_3d_Graphics\Preview-533.jpg
H:\--\images\Fonts_3d_Graphics\Preview-534.jpg,H:\--\images\Fonts_3d_Graphics\Preview-534.jpg
H:\--\images\Fonts_3d_Graphics\Preview-535.jpg,H:\--\images\Fonts_3d_Graphics\Preview-535.jpg
H:\--\images\Fonts_3d_Graphics\Preview-536.jpg,H:\--\images\Fonts_3d_Graphics\Preview-536.jpg
H:\--\images\Fonts_3d_Graphics\Preview-537.jpg,H:\--\images\Fonts_3d_Graphics\Preview-537.jpg
H:\--\images\Fonts_3d_Graphics\Preview-538.jpg,H:\--\images\Fonts_3d_Graphics\Preview-538.jpg
H:\--\images\Fonts_3d_Graphics\Preview-539.jpg,H:\--\images\Fonts_3d_Graphics\Preview-539.jpg
H:\--\images\Fonts_3d_Graphics\Preview-540.jpg,H:\--\images\Fonts_3d_Graphics\Preview-540.jpg
H:\--\images\Fonts_3d_Graphics\Preview-541.jpg,H:\--\images\Fonts_3d_Graphics\Preview-541.jpg
H:\--\images\Fonts_3d_Graphics\Preview-542.jpg,H:\--\images\Fonts_3d_Graphics\Preview-542.jpg
H:\--\images\Fonts_3d_Graphics\Preview-543.jpg,H:\--\images\Fonts_3d_Graphics\Preview-543.jpg
H:\--\images\Fonts_3d_Graphics\Preview-544.jpg,H:\--\images\Fonts_3d_Graphics\Preview-544.jpg
H:\--\images\Fonts_3d_Graphics\Preview-545.jpg,H:\--\images\Fonts_3d_Graphics\Preview-545.jpg
H:\--\images\Fonts_3d_Graphics\Preview-546.jpg,H:\--\images\Fonts_3d_Graphics\Preview-546.jpg
H:\--\images\Fonts_3d_Graphics\Preview-547.jpg,H:\--\images\Fonts_3d_Graphics\Preview-547.jpg
H:\--\images\Fonts_3d_Graphics\Preview-548.jpg,H:\--\images\Fonts_3d_Graphics\Preview-548.jpg
H:\--\images\Fonts_3d_Graphics\Preview-549.jpg,H:\--\images\Fonts_3d_Graphics\Preview-549.jpg
H:\--\images\Fonts_3d_Graphics\Preview-550.jpg,H:\--\images\Fonts_3d_Graphics\Preview-550.jpg
H:\--\images\Fonts_3d_Graphics\Preview-551.jpg,H:\--\images\Fonts_3d_Graphics\Preview-551.jpg
H:\--\images\Fonts_3d_Graphics\Preview-552.jpg,H:\--\images\Fonts_3d_Graphics\Preview-552.jpg
H:\--\images\Fonts_3d_Graphics\Preview-553.jpg,H:\--\images\Fonts_3d_Graphics\Preview-553.jpg
H:\--\images\Fonts_3d_Graphics\Preview-554.jpg,H:\--\images\Fonts_3d_Graphics\Preview-554.jpg
H:\--\images\Fonts_3d_Graphics\Preview-555.jpg,H:\--\images\Fonts_3d_Graphics\Preview-555.jpg
H:\--\images\Fonts_3d_Graphics\Preview-556.jpg,H:\--\images\Fonts_3d_Graphics\Preview-556.jpg
H:\--\images\Fonts_3d_Graphics\Preview-557.jpg,H:\--\images\Fonts_3d_Graphics\Preview-557.jpg
H:\--\images\Fonts_3d_Graphics\Preview-558.jpg,H:\--\images\Fonts_3d_Graphics\Preview-558.jpg
H:\--\images\Fonts_3d_Graphics\Preview-559.jpg,H:\--\images\Fonts_3d_Graphics\Preview-559.jpg
H:\--\images\Fonts_3d_Graphics\Preview-560.jpg,H:\--\images\Fonts_3d_Graphics\Preview-560.jpg
H:\--\images\Fonts_3d_Graphics\Preview-561.jpg,H:\--\images\Fonts_3d_Graphics\Preview-561.jpg
H:\--\images\Fonts_3d_Graphics\Preview-562.jpg,H:\--\images\Fonts_3d_Graphics\Preview-562.jpg
H:\--\images\Fonts_3d_Graphics\Preview-563.jpg,H:\--\images\Fonts_3d_Graphics\Preview-563.jpg
H:\--\images\Fonts_3d_Graphics\Preview-564.jpg,H:\--\images\Fonts_3d_Graphics\Preview-564.jpg
H:\--\images\Fonts_3d_Graphics\Preview-565.jpg,H:\--\images\Fonts_3d_Graphics\Preview-565.jpg
H:\--\images\Fonts_3d_Graphics\Preview-566.jpg,H:\--\images\Fonts_3d_Graphics\Preview-566.jpg
H:\--\images\Fonts_3d_Graphics\Preview-567.jpg,H:\--\images\Fonts_3d_Graphics\Preview-567.jpg
H:\--\images\Fonts_3d_Graphics\Preview-568.jpg,H:\--\images\Fonts_3d_Graphics\Preview-568.jpg
H:\--\images\Fonts_3d_Graphics\Preview-569.jpg,H:\--\images\Fonts_3d_Graphics\Preview-569.jpg
H:\--\images\Fonts_3d_Graphics\Preview-570.jpg,H:\--\images\Fonts_3d_Graphics\Preview-570.jpg
H:\--\images\Fonts_3d_Graphics\Preview-571.jpg,H:\--\images\Fonts_3d_Graphics\Preview-571.jpg
H:\--\images\Fonts_3d_Graphics\Preview-572.jpg,H:\--\images\Fonts_3d_Graphics\Preview-572.jpg
H:\--\images\Fonts_3d_Graphics\Preview-573.jpg,H:\--\images\Fonts_3d_Graphics\Preview-573.jpg
H:\--\images\Fonts_3d_Graphics\Preview-574.jpg,H:\--\images\Fonts_3d_Graphics\Preview-574.jpg
H:\--\images\Fonts_3d_Graphics\Preview-575.jpg,H:\--\images\Fonts_3d_Graphics\Preview-575.jpg
H:\--\images\Fonts_3d_Graphics\Preview-576.jpg,H:\--\images\Fonts_3d_Graphics\Preview-576.jpg
H:\--\images\Fonts_3d_Graphics\Preview-577.jpg,H:\--\images\Fonts_3d_Graphics\Preview-577.jpg
H:\--\images\Fonts_3d_Graphics\Preview-578.jpg,H:\--\images\Fonts_3d_Graphics\Preview-578.jpg
H:\--\images\Fonts_3d_Graphics\Preview-579.jpg,H:\--\images\Fonts_3d_Graphics\Preview-579.jpg
H:\--\images\Fonts_3d_Graphics\Preview-580.jpg,H:\--\images\Fonts_3d_Graphics\Preview-580.jpg
H:\--\images\Fonts_3d_Graphics\Preview-581.jpg,H:\--\images\Fonts_3d_Graphics\Preview-581.jpg
H:\--\images\Fonts_3d_Graphics\Preview-582.jpg,H:\--\images\Fonts_3d_Graphics\Preview-582.jpg
H:\--\images\Fonts_3d_Graphics\Preview-583.jpg,H:\--\images\Fonts_3d_Graphics\Preview-583.jpg
H:\--\images\Fonts_3d_Graphics\Preview-584.jpg,H:\--\images\Fonts_3d_Graphics\Preview-584.jpg
H:\--\images\Fonts_3d_Graphics\Preview-585.jpg,H:\--\images\Fonts_3d_Graphics\Preview-585.jpg
H:\--\images\Fonts_3d_Graphics\Preview-586.jpg,H:\--\images\Fonts_3d_Graphics\Preview-586.jpg
H:\--\images\Fonts_3d_Graphics\Preview-587.jpg,H:\--\images\Fonts_3d_Graphics\Preview-587.jpg
H:\--\images\Fonts_3d_Graphics\Preview-588.jpg,H:\--\images\Fonts_3d_Graphics\Preview-588.jpg
H:\--\images\Fonts_3d_Graphics\Preview-589.jpg,H:\--\images\Fonts_3d_Graphics\Preview-589.jpg
H:\--\images\Fonts_3d_Graphics\Preview-590.jpg,H:\--\images\Fonts_3d_Graphics\Preview-590.jpg
H:\--\images\Fonts_3d_Graphics\Preview-591.jpg,H:\--\images\Fonts_3d_Graphics\Preview-591.jpg
H:\--\images\Fonts_3d_Graphics\Preview-592.jpg,H:\--\images\Fonts_3d_Graphics\Preview-592.jpg
H:\--\images\Fonts_3d_Graphics\Preview-593.jpg,H:\--\images\Fonts_3d_Graphics\Preview-593.jpg
H:\--\images\Fonts_3d_Graphics\Preview-594.jpg,H:\--\images\Fonts_3d_Graphics\Preview-594.jpg
H:\--\images\Fonts_3d_Graphics\Preview-595.jpg,H:\--\images\Fonts_3d_Graphics\Preview-595.jpg
H:\--\images\Fonts_3d_Graphics\Preview-596.jpg,H:\--\images\Fonts_3d_Graphics\Preview-596.jpg
H:\--\images\Fonts_3d_Graphics\Preview-597.jpg,H:\--\images\Fonts_3d_Graphics\Preview-597.jpg
H:\--\images\Fonts_3d_Graphics\Preview-598.jpg,H:\--\images\Fonts_3d_Graphics\Preview-598.jpg
H:\--\images\Fonts_3d_Graphics\Preview-599.jpg,H:\--\images\Fonts_3d_Graphics\Preview-599.jpg
H:\--\images\Fonts_3d_Graphics\Preview-600.jpg,H:\--\images\Fonts_3d_Graphics\Preview-600.jpg
H:\--\images\Fonts_3d_Graphics\Preview-601.jpg,H:\--\images\Fonts_3d_Graphics\Preview-601.jpg
H:\--\images\Fonts_3d_Graphics\Preview-602.jpg,H:\--\images\Fonts_3d_Graphics\Preview-602.jpg
H:\--\images\Fonts_3d_Graphics\Preview-603.jpg,H:\--\images\Fonts_3d_Graphics\Preview-603.jpg
H:\--\images\Fonts_3d_Graphics\Preview-604.jpg,H:\--\images\Fonts_3d_Graphics\Preview-604.jpg
H:\--\images\Fonts_3d_Graphics\Preview-605.jpg,H:\--\images\Fonts_3d_Graphics\Preview-605.jpg
H:\--\images\Fonts_3d_Graphics\Preview-606.jpg,H:\--\images\Fonts_3d_Graphics\Preview-606.jpg
H:\--\images\Fonts_3d_Graphics\Preview-607.jpg,H:\--\images\Fonts_3d_Graphics\Preview-607.jpg
H:\--\images\Fonts_3d_Graphics\Preview-608.jpg,H:\--\images\Fonts_3d_Graphics\Preview-608.jpg
H:\--\images\Fonts_3d_Graphics\Preview-609.jpg,H:\--\images\Fonts_3d_Graphics\Preview-609.jpg
H:\--\images\Fonts_3d_Graphics\Preview-610.jpg,H:\--\images\Fonts_3d_Graphics\Preview-610.jpg
H:\--\images\Fonts_3d_Graphics\Preview-611.jpg,H:\--\images\Fonts_3d_Graphics\Preview-611.jpg
H:\--\images\Fonts_3d_Graphics\Preview-612.jpg,H:\--\images\Fonts_3d_Graphics\Preview-612.jpg
H:\--\images\Fonts_3d_Graphics\Preview-613.jpg,H:\--\images\Fonts_3d_Graphics\Preview-613.jpg
H:\--\images\Fonts_3d_Graphics\Preview-614.jpg,H:\--\images\Fonts_3d_Graphics\Preview-614.jpg
H:\--\images\Fonts_3d_Graphics\Preview-615.jpg,H:\--\images\Fonts_3d_Graphics\Preview-615.jpg
H:\--\images\Fonts_3d_Graphics\Preview-616.jpg,H:\--\images\Fonts_3d_Graphics\Preview-616.jpg
H:\--\images\Fonts_3d_Graphics\Preview-617.jpg,H:\--\images\Fonts_3d_Graphics\Preview-617.jpg
H:\--\images\Fonts_3d_Graphics\Preview-618.jpg,H:\--\images\Fonts_3d_Graphics\Preview-618.jpg
H:\--\images\Fonts_3d_Graphics\Preview-619.jpg,H:\--\images\Fonts_3d_Graphics\Preview-619.jpg
H:\--\images\Fonts_3d_Graphics\Preview-620.jpg,H:\--\images\Fonts_3d_Graphics\Preview-620.jpg
H:\--\images\Fonts_3d_Graphics\Preview-621.jpg,H:\--\images\Fonts_3d_Graphics\Preview-621.jpg
H:\--\images\Fonts_3d_Graphics\Preview-622.jpg,H:\--\images\Fonts_3d_Graphics\Preview-622.jpg
H:\--\images\Fonts_3d_Graphics\Preview-623.jpg,H:\--\images\Fonts_3d_Graphics\Preview-623.jpg
H:\--\images\Fonts_3d_Graphics\Preview-624.jpg,H:\--\images\Fonts_3d_Graphics\Preview-624.jpg
H:\--\images\Fonts_3d_Graphics\Preview-625.jpg,H:\--\images\Fonts_3d_Graphics\Preview-625.jpg
H:\--\images\Fonts_3d_Graphics\Preview-626.jpg,H:\--\images\Fonts_3d_Graphics\Preview-626.jpg
H:\--\images\Fonts_3d_Graphics\Preview-627.jpg,H:\--\images\Fonts_3d_Graphics\Preview-627.jpg
H:\--\images\Fonts_3d_Graphics\Preview-628.jpg,H:\--\images\Fonts_3d_Graphics\Preview-628.jpg
H:\--\images\Fonts_3d_Graphics\Preview-629.jpg,H:\--\images\Fonts_3d_Graphics\Preview-629.jpg
H:\--\images\Fonts_3d_Graphics\Preview-630.jpg,H:\--\images\Fonts_3d_Graphics\Preview-630.jpg
H:\--\images\Fonts_3d_Graphics\Preview-631.jpg,H:\--\images\Fonts_3d_Graphics\Preview-631.jpg
H:\--\images\Fonts_3d_Graphics\Preview-632.jpg,H:\--\images\Fonts_3d_Graphics\Preview-632.jpg
H:\--\images\Fonts_3d_Graphics\Preview-633.jpg,H:\--\images\Fonts_3d_Graphics\Preview-633.jpg
H:\--\images\Fonts_3d_Graphics\Preview-634.jpg,H:\--\images\Fonts_3d_Graphics\Preview-634.jpg
H:\--\images\Fonts_3d_Graphics\Preview-635.jpg,H:\--\images\Fonts_3d_Graphics\Preview-635.jpg
H:\--\images\Fonts_3d_Graphics\Preview-636.jpg,H:\--\images\Fonts_3d_Graphics\Preview-636.jpg
H:\--\images\Fonts_3d_Graphics\Preview-637.jpg,H:\--\images\Fonts_3d_Graphics\Preview-637.jpg
H:\--\images\Fonts_3d_Graphics\Preview-638.jpg,H:\--\images\Fonts_3d_Graphics\Preview-638.jpg
H:\--\images\Fonts_3d_Graphics\Preview-639.jpg,H:\--\images\Fonts_3d_Graphics\Preview-639.jpg
H:\--\images\Fonts_3d_Graphics\Preview-640.jpg,H:\--\images\Fonts_3d_Graphics\Preview-640.jpg
H:\--\images\Fonts_3d_Graphics\Preview-641.jpg,H:\--\images\Fonts_3d_Graphics\Preview-641.jpg
H:\--\images\Fonts_3d_Graphics\Preview-642.jpg,H:\--\images\Fonts_3d_Graphics\Preview-642.jpg
H:\--\images\Fonts_3d_Graphics\Preview-643.jpg,H:\--\images\Fonts_3d_Graphics\Preview-643.jpg
H:\--\images\Fonts_3d_Graphics\Preview-644.jpg,H:\--\images\Fonts_3d_Graphics\Preview-644.jpg
H:\--\images\Fonts_3d_Graphics\Preview-645.jpg,H:\--\images\Fonts_3d_Graphics\Preview-645.jpg
H:\--\images\Fonts_3d_Graphics\Preview-646.jpg,H:\--\images\Fonts_3d_Graphics\Preview-646.jpg
H:\--\images\Fonts_3d_Graphics\Preview-647.jpg,H:\--\images\Fonts_3d_Graphics\Preview-647.jpg
H:\--\images\Fonts_3d_Graphics\Preview-648.jpg,H:\--\images\Fonts_3d_Graphics\Preview-648.jpg
H:\--\images\Fonts_3d_Graphics\Preview-649.jpg,H:\--\images\Fonts_3d_Graphics\Preview-649.jpg
H:\--\images\Fonts_3d_Graphics\Preview-650.jpg,H:\--\images\Fonts_3d_Graphics\Preview-650.jpg
H:\--\images\Fonts_3d_Graphics\Preview-651.jpg,H:\--\images\Fonts_3d_Graphics\Preview-651.jpg
H:\--\images\Fonts_3d_Graphics\Preview-652.jpg,H:\--\images\Fonts_3d_Graphics\Preview-652.jpg
H:\--\images\Fonts_3d_Graphics\Preview-653.jpg,H:\--\images\Fonts_3d_Graphics\Preview-653.jpg
H:\--\images\Fonts_3d_Graphics\Preview-654.jpg,H:\--\images\Fonts_3d_Graphics\Preview-654.jpg
H:\--\images\Fonts_3d_Graphics\Preview-655.jpg,H:\--\images\Fonts_3d_Graphics\Preview-655.jpg
H:\--\images\Fonts_3d_Graphics\Preview-656.jpg,H:\--\images\Fonts_3d_Graphics\Preview-656.jpg
H:\--\images\Fonts_3d_Graphics\Preview-657.jpg,H:\--\images\Fonts_3d_Graphics\Preview-657.jpg
H:\--\images\Fonts_3d_Graphics\Preview-658.jpg,H:\--\images\Fonts_3d_Graphics\Preview-658.jpg
H:\--\images\Fonts_3d_Graphics\Preview-659.jpg,H:\--\images\Fonts_3d_Graphics\Preview-659.jpg
H:\--\images\Fonts_3d_Graphics\Preview-660.jpg,H:\--\images\Fonts_3d_Graphics\Preview-660.jpg
H:\--\images\Fonts_3d_Graphics\Preview-661.jpg,H:\--\images\Fonts_3d_Graphics\Preview-661.jpg
H:\--\images\Fonts_3d_Graphics\Preview-662.jpg,H:\--\images\Fonts_3d_Graphics\Preview-662.jpg
H:\--\images\Fonts_3d_Graphics\Preview-663.jpg,H:\--\images\Fonts_3d_Graphics\Preview-663.jpg
H:\--\images\Fonts_3d_Graphics\Preview-664.jpg,H:\--\images\Fonts_3d_Graphics\Preview-664.jpg
H:\--\images\Fonts_3d_Graphics\Preview-665.jpg,H:\--\images\Fonts_3d_Graphics\Preview-665.jpg
H:\--\images\Fonts_3d_Graphics\Preview-666.jpg,H:\--\images\Fonts_3d_Graphics\Preview-666.jpg
H:\--\images\Fonts_3d_Graphics\Preview-667.jpg,H:\--\images\Fonts_3d_Graphics\Preview-667.jpg
H:\--\images\Fonts_3d_Graphics\Preview-668.jpg,H:\--\images\Fonts_3d_Graphics\Preview-668.jpg
H:\--\images\Fonts_3d_Graphics\Preview-669.jpg,H:\--\images\Fonts_3d_Graphics\Preview-669.jpg
H:\--\images\Fonts_3d_Graphics\Preview-670.jpg,H:\--\images\Fonts_3d_Graphics\Preview-670.jpg
H:\--\images\Fonts_3d_Graphics\Preview-671.jpg,H:\--\images\Fonts_3d_Graphics\Preview-671.jpg
H:\--\images\Fonts_3d_Graphics\Preview-672.jpg,H:\--\images\Fonts_3d_Graphics\Preview-672.jpg
H:\--\images\Fonts_3d_Graphics\Preview-673.jpg,H:\--\images\Fonts_3d_Graphics\Preview-673.jpg
H:\--\images\Fonts_3d_Graphics\Preview-674.jpg,H:\--\images\Fonts_3d_Graphics\Preview-674.jpg
H:\--\images\Fonts_3d_Graphics\Preview-675.jpg,H:\--\images\Fonts_3d_Graphics\Preview-675.jpg
H:\--\images\Fonts_3d_Graphics\Preview-676.jpg,H:\--\images\Fonts_3d_Graphics\Preview-676.jpg
H:\--\images\Fonts_3d_Graphics\Preview-677.jpg,H:\--\images\Fonts_3d_Graphics\Preview-677.jpg
H:\--\images\Fonts_3d_Graphics\Preview-678.jpg,H:\--\images\Fonts_3d_Graphics\Preview-678.jpg
H:\--\images\Fonts_3d_Graphics\Preview-679.jpg,H:\--\images\Fonts_3d_Graphics\Preview-679.jpg
H:\--\images\Fonts_3d_Graphics\Preview-680.jpg,H:\--\images\Fonts_3d_Graphics\Preview-680.jpg
H:\--\images\Fonts_3d_Graphics\Preview-681.jpg,H:\--\images\Fonts_3d_Graphics\Preview-681.jpg
H:\--\images\Fonts_3d_Graphics\Preview-682.jpg,H:\--\images\Fonts_3d_Graphics\Preview-682.jpg
H:\--\images\Fonts_3d_Graphics\Preview-683.jpg,H:\--\images\Fonts_3d_Graphics\Preview-683.jpg
H:\--\images\Fonts_3d_Graphics\Preview-684.jpg,H:\--\images\Fonts_3d_Graphics\Preview-684.jpg
H:\--\images\Fonts_3d_Graphics\Preview-685.jpg,H:\--\images\Fonts_3d_Graphics\Preview-685.jpg
H:\--\images\Fonts_3d_Graphics\Preview-686.jpg,H:\--\images\Fonts_3d_Graphics\Preview-686.jpg
H:\--\images\Fonts_3d_Graphics\Preview-687.jpg,H:\--\images\Fonts_3d_Graphics\Preview-687.jpg
H:\--\images\Fonts_3d_Graphics\Preview-688.jpg,H:\--\images\Fonts_3d_Graphics\Preview-688.jpg
H:\--\images\Fonts_3d_Graphics\Preview-689.jpg,H:\--\images\Fonts_3d_Graphics\Preview-689.jpg
H:\--\images\Fonts_3d_Graphics\Preview-690.jpg,H:\--\images\Fonts_3d_Graphics\Preview-690.jpg
H:\--\images\Fonts_3d_Graphics\Preview-691.jpg,H:\--\images\Fonts_3d_Graphics\Preview-691.jpg
H:\--\images\Fonts_3d_Graphics\Preview-692.jpg,H:\--\images\Fonts_3d_Graphics\Preview-692.jpg
H:\--\images\Fonts_3d_Graphics\Preview-693.jpg,H:\--\images\Fonts_3d_Graphics\Preview-693.jpg
H:\--\images\Fonts_3d_Graphics\Preview-694.jpg,H:\--\images\Fonts_3d_Graphics\Preview-694.jpg
H:\--\images\Fonts_3d_Graphics\Preview-695.jpg,H:\--\images\Fonts_3d_Graphics\Preview-695.jpg
H:\--\images\Fonts_3d_Graphics\Preview-696.jpg,H:\--\images\Fonts_3d_Graphics\Preview-696.jpg
H:\--\images\Fonts_3d_Graphics\Preview-697.jpg,H:\--\images\Fonts_3d_Graphics\Preview-697.jpg
H:\--\images\Fonts_3d_Graphics\Preview-698.jpg,H:\--\images\Fonts_3d_Graphics\Preview-698.jpg
H:\--\images\Fonts_3d_Graphics\Preview-699.jpg,H:\--\images\Fonts_3d_Graphics\Preview-699.jpg
H:\--\images\Fonts_3d_Graphics\Preview-700.jpg,H:\--\images\Fonts_3d_Graphics\Preview-700.jpg
H:\--\images\Fonts_3d_Graphics\Preview-701.jpg,H:\--\images\Fonts_3d_Graphics\Preview-701.jpg
H:\--\images\Fonts_3d_Graphics\Preview-702.jpg,H:\--\images\Fonts_3d_Graphics\Preview-702.jpg
H:\--\images\Fonts_3d_Graphics\Preview-703.jpg,H:\--\images\Fonts_3d_Graphics\Preview-703.jpg
H:\--\images\Fonts_3d_Graphics\Preview-704.jpg,H:\--\images\Fonts_3d_Graphics\Preview-704.jpg
H:\--\images\Fonts_3d_Graphics\Preview-705.jpg,H:\--\images\Fonts_3d_Graphics\Preview-705.jpg
H:\--\images\Fonts_3d_Graphics\Preview-706.jpg,H:\--\images\Fonts_3d_Graphics\Preview-706.jpg
H:\--\images\Fonts_3d_Graphics\Preview-707.jpg,H:\--\images\Fonts_3d_Graphics\Preview-707.jpg
H:\--\images\Fonts_3d_Graphics\Preview-708.jpg,H:\--\images\Fonts_3d_Graphics\Preview-708.jpg
H:\--\images\Fonts_3d_Graphics\Preview-709.jpg,H:\--\images\Fonts_3d_Graphics\Preview-709.jpg
H:\--\images\Fonts_3d_Graphics\Preview-710.jpg,H:\--\images\Fonts_3d_Graphics\Preview-710.jpg
H:\--\images\Fonts_3d_Graphics\Preview-711.jpg,H:\--\images\Fonts_3d_Graphics\Preview-711.jpg
H:\--\images\Fonts_3d_Graphics\Preview-712.jpg,H:\--\images\Fonts_3d_Graphics\Preview-712.jpg
H:\--\images\Fonts_3d_Graphics\Preview-713.jpg,H:\--\images\Fonts_3d_Graphics\Preview-713.jpg
H:\--\images\Fonts_3d_Graphics\Preview-714.jpg,H:\--\images\Fonts_3d_Graphics\Preview-714.jpg
H:\--\images\Fonts_3d_Graphics\Preview-715.jpg,H:\--\images\Fonts_3d_Graphics\Preview-715.jpg
H:\--\images\Fonts_3d_Graphics\Preview-716.jpg,H:\--\images\Fonts_3d_Graphics\Preview-716.jpg
H:\--\images\Fonts_3d_Graphics\Preview-717.jpg,H:\--\images\Fonts_3d_Graphics\Preview-717.jpg
H:\--\images\Fonts_3d_Graphics\Preview-718.jpg,H:\--\images\Fonts_3d_Graphics\Preview-718.jpg
H:\--\images\Fonts_3d_Graphics\Preview-719.jpg,H:\--\images\Fonts_3d_Graphics\Preview-719.jpg
H:\--\images\Fonts_3d_Graphics\Preview-720.jpg,H:\--\images\Fonts_3d_Graphics\Preview-720.jpg
H:\--\images\Fonts_3d_Graphics\Preview-721.jpg,H:\--\images\Fonts_3d_Graphics\Preview-721.jpg
H:\--\images\Fonts_3d_Graphics\Preview-722.jpg,H:\--\images\Fonts_3d_Graphics\Preview-722.jpg
H:\--\images\Fonts_3d_Graphics\Preview-723.jpg,H:\--\images\Fonts_3d_Graphics\Preview-723.jpg
H:\--\images\Fonts_3d_Graphics\Preview-724.jpg,H:\--\images\Fonts_3d_Graphics\Preview-724.jpg
H:\--\images\Fonts_3d_Graphics\Preview-725.jpg,H:\--\images\Fonts_3d_Graphics\Preview-725.jpg
H:\--\images\Fonts_3d_Graphics\Preview-726.jpg,H:\--\images\Fonts_3d_Graphics\Preview-726.jpg
H:\--\images\Fonts_3d_Graphics\Preview-727.jpg,H:\--\images\Fonts_3d_Graphics\Preview-727.jpg
H:\--\images\Fonts_3d_Graphics\Preview-728.jpg,H:\--\images\Fonts_3d_Graphics\Preview-728.jpg
H:\--\images\Fonts_3d_Graphics\Preview-729.jpg,H:\--\images\Fonts_3d_Graphics\Preview-729.jpg
H:\--\images\Fonts_3d_Graphics\Preview-730.jpg,H:\--\images\Fonts_3d_Graphics\Preview-730.jpg
H:\--\images\Fonts_3d_Graphics\Preview-731.jpg,H:\--\images\Fonts_3d_Graphics\Preview-731.jpg
H:\--\images\Fonts_3d_Graphics\Preview-732.jpg,H:\--\images\Fonts_3d_Graphics\Preview-732.jpg
H:\--\images\Fonts_3d_Graphics\Preview-733.jpg,H:\--\images\Fonts_3d_Graphics\Preview-733.jpg
H:\--\images\Fonts_3d_Graphics\Preview-734.jpg,H:\--\images\Fonts_3d_Graphics\Preview-734.jpg
H:\--\images\Fonts_3d_Graphics\Preview-735.jpg,H:\--\images\Fonts_3d_Graphics\Preview-735.jpg
H:\--\images\Fonts_3d_Graphics\Preview-736.jpg,H:\--\images\Fonts_3d_Graphics\Preview-736.jpg
H:\--\images\Fonts_3d_Graphics\Preview-737.jpg,H:\--\images\Fonts_3d_Graphics\Preview-737.jpg
H:\--\images\Fonts_3d_Graphics\Preview-738.jpg,H:\--\images\Fonts_3d_Graphics\Preview-738.jpg
H:\--\images\Fonts_3d_Graphics\Preview-739.jpg,H:\--\images\Fonts_3d_Graphics\Preview-739.jpg
H:\--\images\Fonts_3d_Graphics\Preview-740.jpg,H:\--\images\Fonts_3d_Graphics\Preview-740.jpg
H:\--\images\Fonts_3d_Graphics\Preview-741.jpg,H:\--\images\Fonts_3d_Graphics\Preview-741.jpg
H:\--\images\Fonts_3d_Graphics\Preview-742.jpg,H:\--\images\Fonts_3d_Graphics\Preview-742.jpg
H:\--\images\Fonts_3d_Graphics\Preview-743.jpg,H:\--\images\Fonts_3d_Graphics\Preview-743.jpg
H:\--\images\Fonts_3d_Graphics\Preview-744.jpg,H:\--\images\Fonts_3d_Graphics\Preview-744.jpg
H:\--\images\Fonts_3d_Graphics\Preview-745.jpg,H:\--\images\Fonts_3d_Graphics\Preview-745.jpg
H:\--\images\Fonts_3d_Graphics\Preview-746.jpg,H:\--\images\Fonts_3d_Graphics\Preview-746.jpg
H:\--\images\Fonts_3d_Graphics\Preview-747.jpg,H:\--\images\Fonts_3d_Graphics\Preview-747.jpg
H:\--\images\Fonts_3d_Graphics\Preview-748.jpg,H:\--\images\Fonts_3d_Graphics\Preview-748.jpg
H:\--\images\Fonts_3d_Graphics\Preview-749.jpg,H:\--\images\Fonts_3d_Graphics\Preview-749.jpg
H:\--\images\Fonts_3d_Graphics\Preview-750.jpg,H:\--\images\Fonts_3d_Graphics\Preview-750.jpg
H:\--\images\Fonts_3d_Graphics\Preview-751.jpg,H:\--\images\Fonts_3d_Graphics\Preview-751.jpg
H:\--\images\Fonts_3d_Graphics\Preview-752.jpg,H:\--\images\Fonts_3d_Graphics\Preview-752.jpg
H:\--\images\Fonts_3d_Graphics\Preview-753.jpg,H:\--\images\Fonts_3d_Graphics\Preview-753.jpg
H:\--\images\Fonts_3d_Graphics\Preview-754.jpg,H:\--\images\Fonts_3d_Graphics\Preview-754.jpg
H:\--\images\Fonts_3d_Graphics\Preview-755.jpg,H:\--\images\Fonts_3d_Graphics\Preview-755.jpg
H:\--\images\Fonts_3d_Graphics\Preview-756.jpg,H:\--\images\Fonts_3d_Graphics\Preview-756.jpg
H:\--\images\Fonts_3d_Graphics\Preview-757.jpg,H:\--\images\Fonts_3d_Graphics\Preview-757.jpg
H:\--\images\Fonts_3d_Graphics\Preview-758.jpg,H:\--\images\Fonts_3d_Graphics\Preview-758.jpg
H:\--\images\Fonts_3d_Graphics\Preview-759.jpg,H:\--\images\Fonts_3d_Graphics\Preview-759.jpg
H:\--\images\Fonts_3d_Graphics\Preview-760.jpg,H:\--\images\Fonts_3d_Graphics\Preview-760.jpg
H:\--\images\Fonts_3d_Graphics\Preview-761.jpg,H:\--\images\Fonts_3d_Graphics\Preview-761.jpg
H:\--\images\Fonts_3d_Graphics\Preview-762.jpg,H:\--\images\Fonts_3d_Graphics\Preview-762.jpg
H:\--\images\Fonts_3d_Graphics\Preview-763.jpg,H:\--\images\Fonts_3d_Graphics\Preview-763.jpg
H:\--\images\Fonts_3d_Graphics\Preview-764.jpg,H:\--\images\Fonts_3d_Graphics\Preview-764.jpg
H:\--\images\Fonts_3d_Graphics\Preview-765.jpg,H:\--\images\Fonts_3d_Graphics\Preview-765.jpg
H:\--\images\Fonts_3d_Graphics\Preview-766.jpg,H:\--\images\Fonts_3d_Graphics\Preview-766.jpg
H:\--\images\Fonts_3d_Graphics\Preview-767.jpg,H:\--\images\Fonts_3d_Graphics\Preview-767.jpg
H:\--\images\Fonts_3d_Graphics\Preview-768.jpg,H:\--\images\Fonts_3d_Graphics\Preview-768.jpg
H:\--\images\Fonts_3d_Graphics\Preview-769.jpg,H:\--\images\Fonts_3d_Graphics\Preview-769.jpg
H:\--\images\Fonts_3d_Graphics\Preview-770.jpg,H:\--\images\Fonts_3d_Graphics\Preview-770.jpg
H:\--\images\Fonts_3d_Graphics\Preview-771.jpg,H:\--\images\Fonts_3d_Graphics\Preview-771.jpg
H:\--\images\Fonts_3d_Graphics\Preview-772.jpg,H:\--\images\Fonts_3d_Graphics\Preview-772.jpg
H:\--\images\Fonts_3d_Graphics\Preview-773.jpg,H:\--\images\Fonts_3d_Graphics\Preview-773.jpg
H:\--\images\Fonts_3d_Graphics\Preview-774.jpg,H:\--\images\Fonts_3d_Graphics\Preview-774.jpg
H:\--\images\Fonts_3d_Graphics\Preview-775.jpg,H:\--\images\Fonts_3d_Graphics\Preview-775.jpg
H:\--\images\Fonts_3d_Graphics\Preview-776.jpg,H:\--\images\Fonts_3d_Graphics\Preview-776.jpg
H:\--\images\Fonts_3d_Graphics\Preview-777.jpg,H:\--\images\Fonts_3d_Graphics\Preview-777.jpg
H:\--\images\Fonts_3d_Graphics\Preview-778.jpg,H:\--\images\Fonts_3d_Graphics\Preview-778.jpg
H:\--\images\Fonts_3d_Graphics\Preview-779.jpg,H:\--\images\Fonts_3d_Graphics\Preview-779.jpg
H:\--\images\Fonts_3d_Graphics\Preview-780.jpg,H:\--\images\Fonts_3d_Graphics\Preview-780.jpg
H:\--\images\Fonts_3d_Graphics\Preview-781.jpg,H:\--\images\Fonts_3d_Graphics\Preview-781.jpg
H:\--\images\Fonts_3d_Graphics\Preview-782.jpg,H:\--\images\Fonts_3d_Graphics\Preview-782.jpg
H:\--\images\Fonts_3d_Graphics\Preview-783.jpg,H:\--\images\Fonts_3d_Graphics\Preview-783.jpg
H:\--\images\Fonts_3d_Graphics\Preview-784.jpg,H:\--\images\Fonts_3d_Graphics\Preview-784.jpg
H:\--\images\Fonts_3d_Graphics\Preview-785.jpg,H:\--\images\Fonts_3d_Graphics\Preview-785.jpg
H:\--\images\Fonts_3d_Graphics\Preview-786.jpg,H:\--\images\Fonts_3d_Graphics\Preview-786.jpg
H:\--\images\Fonts_3d_Graphics\Preview-787.jpg,H:\--\images\Fonts_3d_Graphics\Preview-787.jpg
H:\--\images\Fonts_3d_Graphics\Preview-788.jpg,H:\--\images\Fonts_3d_Graphics\Preview-788.jpg
H:\--\images\Fonts_3d_Graphics\Preview-789.jpg,H:\--\images\Fonts_3d_Graphics\Preview-789.jpg
H:\--\images\Fonts_3d_Graphics\Preview-790.jpg,H:\--\images\Fonts_3d_Graphics\Preview-790.jpg
H:\--\images\Fonts_3d_Graphics\Preview-791.jpg,H:\--\images\Fonts_3d_Graphics\Preview-791.jpg
H:\--\images\Fonts_3d_Graphics\Preview-792.jpg,H:\--\images\Fonts_3d_Graphics\Preview-792.jpg
H:\--\images\Fonts_3d_Graphics\Preview-793.jpg,H:\--\images\Fonts_3d_Graphics\Preview-793.jpg
H:\--\images\Fonts_3d_Graphics\Preview-794.jpg,H:\--\images\Fonts_3d_Graphics\Preview-794.jpg
H:\--\images\Fonts_3d_Graphics\Preview-795.jpg,H:\--\images\Fonts_3d_Graphics\Preview-795.jpg
H:\--\images\Fonts_3d_Graphics\Preview-796.jpg,H:\--\images\Fonts_3d_Graphics\Preview-796.jpg
H:\--\images\Fonts_3d_Graphics\Preview-797.jpg,H:\--\images\Fonts_3d_Graphics\Preview-797.jpg
H:\--\images\Fonts_3d_Graphics\Preview-798.jpg,H:\--\images\Fonts_3d_Graphics\Preview-798.jpg
H:\--\images\Fonts_3d_Graphics\Preview-799.jpg,H:\--\images\Fonts_3d_Graphics\Preview-799.jpg
H:\--\images\Fonts_3d_Graphics\Preview-800.jpg,H:\--\images\Fonts_3d_Graphics\Preview-800.jpg
H:\--\images\Fonts_3d_Graphics\Preview-801.jpg,H:\--\images\Fonts_3d_Graphics\Preview-801.jpg
H:\--\images\Fonts_3d_Graphics\Preview-802.jpg,H:\--\images\Fonts_3d_Graphics\Preview-802.jpg
H:\--\images\Fonts_3d_Graphics\Preview-803.jpg,H:\--\images\Fonts_3d_Graphics\Preview-803.jpg
H:\--\images\Fonts_3d_Graphics\Preview-804.jpg,H:\--\images\Fonts_3d_Graphics\Preview-804.jpg
H:\--\images\Fonts_3d_Graphics\Preview-805.jpg,H:\--\images\Fonts_3d_Graphics\Preview-805.jpg
H:\--\images\Fonts_3d_Graphics\Preview-806.jpg,H:\--\images\Fonts_3d_Graphics\Preview-806.jpg
H:\--\images\Fonts_3d_Graphics\Preview-807.jpg,H:\--\images\Fonts_3d_Graphics\Preview-807.jpg
H:\--\images\Fonts_3d_Graphics\Preview-808.jpg,H:\--\images\Fonts_3d_Graphics\Preview-808.jpg
H:\--\images\Fonts_3d_Graphics\Preview-809.jpg,H:\--\images\Fonts_3d_Graphics\Preview-809.jpg
H:\--\images\Fonts_3d_Graphics\Preview-810.jpg,H:\--\images\Fonts_3d_Graphics\Preview-810.jpg
H:\--\images\Fonts_3d_Graphics\Preview-811.jpg,H:\--\images\Fonts_3d_Graphics\Preview-811.jpg
H:\--\images\Fonts_3d_Graphics\Preview-812.jpg,H:\--\images\Fonts_3d_Graphics\Preview-812.jpg
H:\--\images\Fonts_3d_Graphics\Preview-813.jpg,H:\--\images\Fonts_3d_Graphics\Preview-813.jpg
H:\--\images\Fonts_3d_Graphics\Preview-814.jpg,H:\--\images\Fonts_3d_Graphics\Preview-814.jpg
H:\--\images\Fonts_3d_Graphics\Preview-815.jpg,H:\--\images\Fonts_3d_Graphics\Preview-815.jpg
H:\--\images\Fonts_3d_Graphics\Preview-816.jpg,H:\--\images\Fonts_3d_Graphics\Preview-816.jpg
H:\--\images\Fonts_3d_Graphics\Preview-817.jpg,H:\--\images\Fonts_3d_Graphics\Preview-817.jpg
H:\--\images\Fonts_3d_Graphics\Preview-818.jpg,H:\--\images\Fonts_3d_Graphics\Preview-818.jpg
H:\--\images\Fonts_3d_Graphics\Preview-819.jpg,H:\--\images\Fonts_3d_Graphics\Preview-819.jpg
H:\--\images\Fonts_3d_Graphics\Preview-820.jpg,H:\--\images\Fonts_3d_Graphics\Preview-820.jpg
H:\--\images\Fonts_3d_Graphics\Preview-821.jpg,H:\--\images\Fonts_3d_Graphics\Preview-821.jpg
H:\--\images\Fonts_3d_Graphics\Preview-822.jpg,H:\--\images\Fonts_3d_Graphics\Preview-822.jpg
H:\--\images\Fonts_3d_Graphics\Preview-823.jpg,H:\--\images\Fonts_3d_Graphics\Preview-823.jpg
H:\--\images\Fonts_3d_Graphics\Preview-824.jpg,H:\--\images\Fonts_3d_Graphics\Preview-824.jpg
H:\--\images\Fonts_3d_Graphics\Preview-825.jpg,H:\--\images\Fonts_3d_Graphics\Preview-825.jpg
H:\--\images\Fonts_3d_Graphics\Preview-826.jpg,H:\--\images\Fonts_3d_Graphics\Preview-826.jpg
H:\--\images\Fonts_3d_Graphics\Preview-827.jpg,H:\--\images\Fonts_3d_Graphics\Preview-827.jpg
H:\--\images\Fonts_3d_Graphics\Preview-828.jpg,H:\--\images\Fonts_3d_Graphics\Preview-828.jpg
H:\--\images\Fonts_3d_Graphics\Preview-829.jpg,H:\--\images\Fonts_3d_Graphics\Preview-829.jpg
H:\--\images\Fonts_3d_Graphics\Preview-830.jpg,H:\--\images\Fonts_3d_Graphics\Preview-830.jpg
H:\--\images\Fonts_3d_Graphics\Preview-831.jpg,H:\--\images\Fonts_3d_Graphics\Preview-831.jpg
H:\--\images\Fonts_3d_Graphics\Preview-832.jpg,H:\--\images\Fonts_3d_Graphics\Preview-832.jpg
H:\--\images\Fonts_3d_Graphics\Preview-833.jpg,H:\--\images\Fonts_3d_Graphics\Preview-833.jpg
H:\--\images\Fonts_3d_Graphics\Preview-834.jpg,H:\--\images\Fonts_3d_Graphics\Preview-834.jpg
H:\--\images\Fonts_3d_Graphics\Preview-835.jpg,H:\--\images\Fonts_3d_Graphics\Preview-835.jpg
H:\--\images\Fonts_3d_Graphics\Preview-836.jpg,H:\--\images\Fonts_3d_Graphics\Preview-836.jpg
H:\--\images\Fonts_3d_Graphics\Preview-837.jpg,H:\--\images\Fonts_3d_Graphics\Preview-837.jpg
H:\--\images\Fonts_3d_Graphics\Preview-838.jpg,H:\--\images\Fonts_3d_Graphics\Preview-838.jpg
H:\--\images\Fonts_3d_Graphics\Preview-839.jpg,H:\--\images\Fonts_3d_Graphics\Preview-839.jpg
H:\--\images\Fonts_3d_Graphics\Preview-840.jpg,H:\--\images\Fonts_3d_Graphics\Preview-840.jpg
H:\--\images\Fonts_3d_Graphics\Preview-841.jpg,H:\--\images\Fonts_3d_Graphics\Preview-841.jpg
H:\--\images\Fonts_3d_Graphics\Preview-842.jpg,H:\--\images\Fonts_3d_Graphics\Preview-842.jpg
H:\--\images\Fonts_3d_Graphics\Preview-843.jpg,H:\--\images\Fonts_3d_Graphics\Preview-843.jpg
H:\--\images\Fonts_3d_Graphics\Preview-844.jpg,H:\--\images\Fonts_3d_Graphics\Preview-844.jpg
