Computer_Path,File_Download
images/font-collection/Font List69.jpg,
images/font-collection/Font List1080.jpg,
images/font-collection/Font List1385.jpg,
images/font-collection/Font List1070.jpg,
images/font-collection/Font List528.jpg,
images/font-collection/Font List53.jpg,
images/font-collection/Font List52.jpg,
images/font-collection/Font List202.jpg,
images/font-collection/Font List1112.jpg,
images/font-collection/Font List1557.jpg,
images/font-collection/Font List1556.jpg,
images/font-collection/Font List1198.jpg,
images/font-collection/Font List1197.jpg,
images/font-collection/Font List673.jpg,
images/font-collection/Font List91.jpg,
images/font-collection/Font List90.jpg,
images/font-collection/Font List67.jpg,
images/font-collection/Font List1429.jpg,
images/font-collection/Font List1438.jpg,
images/font-collection/Font List1433.jpg,
images/font-collection/Font List1543.jpg,
images/font-collection/Font List1636.jpg,
images/font-collection/Font List749.jpg,
images/font-collection/Font List1242.jpg,
images/font-collection/Font List68.jpg,
images/font-collection/Font List1439.jpg,
images/font-collection/Font List1434.jpg,
images/font-collection/Font List51.jpg,
images/font-collection/Font List1430.jpg,
images/font-collection/Font List351.jpg,
images/font-collection/Font List1499.jpg,
images/font-collection/Font List1752.jpg,
images/font-collection/Font List529.jpg,
images/font-collection/Font List513.jpg,
images/font-collection/Font List678.jpg,
images/font-collection/Font List1454.jpg,
images/font-collection/Font List1440.jpg,
images/font-collection/Font List692.jpg,
images/font-collection/Font List1435.jpg,
images/font-collection/Font List1618.jpg,
images/font-collection/Font List182.jpg,
images/font-collection/Font List1327.jpg,
images/font-collection/Font List696.jpg,
images/font-collection/Font List89.jpg,
images/font-collection/Font List88.jpg,
images/font-collection/Font List570.jpg,
images/font-collection/Font List1751.jpg,
images/font-collection/Font List747.jpg,
images/font-collection/Font List1143.jpg,
images/font-collection/Font List1635.jpg,
images/font-collection/Font List709.jpg,
images/font-collection/Font List195.jpg,
images/font-collection/Font List1431.jpg,
images/font-collection/Font List1359.jpg,
images/font-collection/Font List1623.jpg,
images/font-collection/Font List1307.jpg,
images/font-collection/Font List1290.jpg,
images/font-collection/Font List511.jpg,
images/font-collection/Font List695.jpg,
images/font-collection/Font List708.jpg,
images/font-collection/Font List1437.jpg,
images/font-collection/Font List354.jpg,
images/font-collection/Font List1506.jpg,
images/font-collection/Font List1705.jpg,
images/font-collection/Font List697.jpg,
images/font-collection/Font List694.jpg,
images/font-collection/Font List1041.jpg,
images/font-collection/Font List1619.jpg,
images/font-collection/Font List860.jpg,
images/font-collection/Font List1432.jpg,
images/font-collection/Font List150.jpg,
images/font-collection/Font List1384.jpg,
images/font-collection/Font List1033.jpg,
images/font-collection/Font List785.jpg,
images/font-collection/Font List1051.jpg,
images/font-collection/Font List1050.jpg,
images/font-collection/Font List57.jpg,
images/font-collection/Font List1069.jpg,
images/font-collection/Font List976.jpg,
images/font-collection/Font List1398.jpg,
images/font-collection/Font List166.jpg,
images/font-collection/Font List165.jpg,
images/font-collection/Font List789.jpg,
images/font-collection/Font List1071.jpg,
images/font-collection/Font List1529.jpg,
images/font-collection/Font List718.jpg,
images/font-collection/Font List719.jpg,
images/font-collection/Font List1294.jpg,
images/font-collection/Font List530.jpg,
images/font-collection/Font List823.jpg,
images/font-collection/Font List768.jpg,
images/font-collection/Font List1357.jpg,
images/font-collection/Font List217.jpg,
images/font-collection/Font List717.jpg,
images/font-collection/Font List894.jpg,
images/font-collection/Font List1707.jpg,
images/font-collection/Font List1315.jpg,
images/font-collection/Font List56.jpg,
images/font-collection/Font List4.jpg,
images/font-collection/Font List1419.jpg,
images/font-collection/Font List218.jpg,
images/font-collection/Font List1768.jpg,
images/font-collection/Font List1420.jpg,
images/font-collection/Font List1326.jpg,
images/font-collection/Font List40.jpg,
images/font-collection/Font List1624.jpg,
images/font-collection/Font List1068.jpg,
images/font-collection/Font List1441.jpg,
images/font-collection/Font List1309.jpg,
images/font-collection/Font List965.jpg,
images/font-collection/Font List700.jpg,
images/font-collection/Font List1104.jpg,
images/font-collection/Font List1142.jpg,
images/font-collection/Font List701.jpg,
images/font-collection/Font List1475.jpg,
images/font-collection/Font List1476.jpg,
images/font-collection/Font List388.jpg,
images/font-collection/Font List387.jpg,
images/font-collection/Font List748.jpg,
images/font-collection/Font List1460.jpg,
images/font-collection/Font List1141.jpg,
images/font-collection/Font List328.jpg,
images/font-collection/Font List922.jpg,
images/font-collection/Font List1274.jpg,
images/font-collection/Font List1770.jpg,
images/font-collection/Font List316.jpg,
images/font-collection/Font List1786.jpg,
images/font-collection/Font List1457.jpg,
images/font-collection/Font List1189.jpg,
images/font-collection/Font List1188.jpg,
images/font-collection/Font List1414.jpg,
images/font-collection/Font List190.jpg,
images/font-collection/Font List27.jpg,
images/font-collection/Font List1317.jpg,
images/font-collection/Font List613.jpg,
images/font-collection/Font List1769.jpg,
images/font-collection/Font List1704.jpg,
images/font-collection/Font List1081.jpg,
images/font-collection/Font List838.jpg,
images/font-collection/Font List215.jpg,
images/font-collection/Font List1471.jpg,
images/font-collection/Font List1377.jpg,
images/font-collection/Font List1159.jpg,
images/font-collection/Font List783.jpg,
images/font-collection/Font List30.jpg,
images/font-collection/Font List1285.jpg,
images/font-collection/Font List541.jpg,
images/font-collection/Font List786.jpg,
images/font-collection/Font List17.jpg,
images/font-collection/Font List704.jpg,
images/font-collection/Font List1785.jpg,
images/font-collection/Font List684.jpg,
images/font-collection/Font List956.jpg,
images/font-collection/Font List1756.jpg,
images/font-collection/Font List1296.jpg,
images/font-collection/Font List1383.jpg,
images/font-collection/Font List1760.jpg,
images/font-collection/Font List924.jpg,
images/font-collection/Font List1509.jpg,
images/font-collection/Font List125.jpg,
images/font-collection/Font List308.jpg,
images/font-collection/Font List1771.jpg,
images/font-collection/Font List49.jpg,
images/font-collection/Font List297.jpg,
images/font-collection/Font List305.jpg,
images/font-collection/Font List1140.jpg,
images/font-collection/Font List1534.jpg,
images/font-collection/Font List1511.jpg,
images/font-collection/Font List1729.jpg,
images/font-collection/Font List1731.jpg,
images/font-collection/Font List338.jpg,
images/font-collection/Font List923.jpg,
images/font-collection/Font List870.jpg,
images/font-collection/Font List1685.jpg,
images/font-collection/Font List886.jpg,
images/font-collection/Font List1158.jpg,
images/font-collection/Font List1304.jpg,
images/font-collection/Font List739.jpg,
images/font-collection/Font List352.jpg,
images/font-collection/Font List374.jpg,
images/font-collection/Font List229.jpg,
images/font-collection/Font List1766.jpg,
images/font-collection/Font List1399.jpg,
images/font-collection/Font List1497.jpg,
images/font-collection/Font List143.jpg,
images/font-collection/Font List812.jpg,
images/font-collection/Font List703.jpg,
images/font-collection/Font List1316.jpg,
images/font-collection/Font List1728.jpg,
images/font-collection/Font List520.jpg,
images/font-collection/Font List100.jpg,
images/font-collection/Font List836.jpg,
images/font-collection/Font List1329.jpg,
images/font-collection/Font List1458.jpg,
images/font-collection/Font List1456.jpg,
images/font-collection/Font List612.jpg,
images/font-collection/Font List1415.jpg,
images/font-collection/Font List50.jpg,
images/font-collection/Font List1520.jpg,
images/font-collection/Font List569.jpg,
images/font-collection/Font List1711.jpg,
images/font-collection/Font List1496.jpg,
images/font-collection/Font List54.jpg,
images/font-collection/Font List398.jpg,
images/font-collection/Font List1387.jpg,
images/font-collection/Font List300.jpg,
images/font-collection/Font List1741.jpg,
images/font-collection/Font List262.jpg,
images/font-collection/Font List103.jpg,
images/font-collection/Font List1289.jpg,
images/font-collection/Font List1389.jpg,
images/font-collection/Font List957.jpg,
images/font-collection/Font List872.jpg,
images/font-collection/Font List350.jpg,
images/font-collection/Font List1288.jpg,
images/font-collection/Font List1410.jpg,
images/font-collection/Font List679.jpg,
images/font-collection/Font List1773.jpg,
images/font-collection/Font List519.jpg,
images/font-collection/Font List1604.jpg,
images/font-collection/Font List811.jpg,
images/font-collection/Font List837.jpg,
images/font-collection/Font List101.jpg,
images/font-collection/Font List1684.jpg,
images/font-collection/Font List654.jpg,
images/font-collection/Font List372.jpg,
images/font-collection/Font List433.jpg,
images/font-collection/Font List1287.jpg,
images/font-collection/Font List421.jpg,
images/font-collection/Font List501.jpg,
images/font-collection/Font List31.jpg,
images/font-collection/Font List1194.jpg,
images/font-collection/Font List129.jpg,
images/font-collection/Font List683.jpg,
images/font-collection/Font List1767.jpg,
images/font-collection/Font List735.jpg,
images/font-collection/Font List699.jpg,
images/font-collection/Font List196.jpg,
images/font-collection/Font List1331.jpg,
images/font-collection/Font List1349.jpg,
images/font-collection/Font List1044.jpg,
images/font-collection/Font List568.jpg,
images/font-collection/Font List452.jpg,
images/font-collection/Font List275.jpg,
images/font-collection/Font List401.jpg,
images/font-collection/Font List1079.jpg,
images/font-collection/Font List298.jpg,
images/font-collection/Font List83.jpg,
images/font-collection/Font List1683.jpg,
images/font-collection/Font List216.jpg,
images/font-collection/Font List1109.jpg,
images/font-collection/Font List34.jpg,
images/font-collection/Font List307.jpg,
images/font-collection/Font List1528.jpg,
images/font-collection/Font List418.jpg,
images/font-collection/Font List1459.jpg,
images/font-collection/Font List898.jpg,
images/font-collection/Font List1697.jpg,
images/font-collection/Font List130.jpg,
images/font-collection/Font List1772.jpg,
images/font-collection/Font List208.jpg,
images/font-collection/Font List561.jpg,
images/font-collection/Font List982.jpg,
images/font-collection/Font List396.jpg,
images/font-collection/Font List893.jpg,
images/font-collection/Font List42.jpg,
images/font-collection/Font List1421.jpg,
images/font-collection/Font List732.jpg,
images/font-collection/Font List805.jpg,
images/font-collection/Font List1411.jpg,
images/font-collection/Font List306.jpg,
images/font-collection/Font List1047.jpg,
images/font-collection/Font List1046.jpg,
images/font-collection/Font List203.jpg,
images/font-collection/Font List204.jpg,
images/font-collection/Font List292.jpg,
images/font-collection/Font List1279.jpg,
images/font-collection/Font List913.jpg,
images/font-collection/Font List518.jpg,
images/font-collection/Font List371.jpg,
images/font-collection/Font List635.jpg,
images/font-collection/Font List26.jpg,
images/font-collection/Font List1180.jpg,
images/font-collection/Font List1179.jpg,
images/font-collection/Font List1428.jpg,
images/font-collection/Font List1774.jpg,
images/font-collection/Font List1174.jpg,
images/font-collection/Font List744.jpg,
images/font-collection/Font List1722.jpg,
images/font-collection/Font List889.jpg,
images/font-collection/Font List77.jpg,
images/font-collection/Font List1725.jpg,
images/font-collection/Font List531.jpg,
images/font-collection/Font List1375.jpg,
images/font-collection/Font List456.jpg,
images/font-collection/Font List9.jpg,
images/font-collection/Font List420.jpg,
images/font-collection/Font List753.jpg,
images/font-collection/Font List1091.jpg,
images/font-collection/Font List1426.jpg,
images/font-collection/Font List1191.jpg,
images/font-collection/Font List1190.jpg,
images/font-collection/Font List18.jpg,
images/font-collection/Font List806.jpg,
images/font-collection/Font List1765.jpg,
images/font-collection/Font List1758.jpg,
images/font-collection/Font List1157.jpg,
images/font-collection/Font List253.jpg,
images/font-collection/Font List234.jpg,
images/font-collection/Font List801.jpg,
images/font-collection/Font List839.jpg,
images/font-collection/Font List1073.jpg,
images/font-collection/Font List592.jpg,
images/font-collection/Font List23.jpg,
images/font-collection/Font List1642.jpg,
images/font-collection/Font List1687.jpg,
images/font-collection/Font List892.jpg,
images/font-collection/Font List223.jpg,
images/font-collection/Font List1163.jpg,
images/font-collection/Font List436.jpg,
images/font-collection/Font List97.jpg,
images/font-collection/Font List397.jpg,
images/font-collection/Font List1418.jpg,
images/font-collection/Font List48.jpg,
images/font-collection/Font List746.jpg,
images/font-collection/Font List816.jpg,
images/font-collection/Font List1559.jpg,
images/font-collection/Font List451.jpg,
images/font-collection/Font List1114.jpg,
images/font-collection/Font List1709.jpg,
images/font-collection/Font List498.jpg,
images/font-collection/Font List834.jpg,
images/font-collection/Font List849.jpg,
images/font-collection/Font List912.jpg,
images/font-collection/Font List916.jpg,
images/font-collection/Font List915.jpg,
images/font-collection/Font List1563.jpg,
images/font-collection/Font List209.jpg,
images/font-collection/Font List389.jpg,
images/font-collection/Font List625.jpg,
images/font-collection/Font List299.jpg,
images/font-collection/Font List414.jpg,
images/font-collection/Font List199.jpg,
images/font-collection/Font List597.jpg,
images/font-collection/Font List142.jpg,
images/font-collection/Font List348.jpg,
images/font-collection/Font List685.jpg,
images/font-collection/Font List661.jpg,
images/font-collection/Font List235.jpg,
images/font-collection/Font List7.jpg,
images/font-collection/Font List1278.jpg,
images/font-collection/Font List918.jpg,
images/font-collection/Font List917.jpg,
images/font-collection/Font List790.jpg,
images/font-collection/Font List1656.jpg,
images/font-collection/Font List929.jpg,
images/font-collection/Font List1166.jpg,
images/font-collection/Font List535.jpg,
images/font-collection/Font List784.jpg,
images/font-collection/Font List596.jpg,
images/font-collection/Font List756.jpg,
images/font-collection/Font List910.jpg,
images/font-collection/Font List1111.jpg,
images/font-collection/Font List296.jpg,
images/font-collection/Font List1173.jpg,
images/font-collection/Font List269.jpg,
images/font-collection/Font List754.jpg,
images/font-collection/Font List1057.jpg,
images/font-collection/Font List897.jpg,
images/font-collection/Font List1702.jpg,
images/font-collection/Font List1694.jpg,
images/font-collection/Font List1171.jpg,
images/font-collection/Font List98.jpg,
images/font-collection/Font List1116.jpg,
images/font-collection/Font List321.jpg,
images/font-collection/Font List158.jpg,
images/font-collection/Font List157.jpg,
images/font-collection/Font List156.jpg,
images/font-collection/Font List643.jpg,
images/font-collection/Font List434.jpg,
images/font-collection/Font List225.jpg,
images/font-collection/Font List1492.jpg,
images/font-collection/Font List164.jpg,
images/font-collection/Font List163.jpg,
images/font-collection/Font List162.jpg,
images/font-collection/Font List25.jpg,
images/font-collection/Font List1040.jpg,
images/font-collection/Font List847.jpg,
images/font-collection/Font List497.jpg,
images/font-collection/Font List1292.jpg,
images/font-collection/Font List808.jpg,
images/font-collection/Font List1067.jpg,
images/font-collection/Font List8.jpg,
images/font-collection/Font List231.jpg,
images/font-collection/Font List1170.jpg,
images/font-collection/Font List1658.jpg,
images/font-collection/Font List1663.jpg,
images/font-collection/Font List240.jpg,
images/font-collection/Font List988.jpg,
images/font-collection/Font List1202.jpg,
images/font-collection/Font List413.jpg,
images/font-collection/Font List1575.jpg,
images/font-collection/Font List926.jpg,
images/font-collection/Font List24.jpg,
images/font-collection/Font List301.jpg,
images/font-collection/Font List1391.jpg,
images/font-collection/Font List1177.jpg,
images/font-collection/Font List871.jpg,
images/font-collection/Font List1532.jpg,
images/font-collection/Font List848.jpg,
images/font-collection/Font List174.jpg,
images/font-collection/Font List1052.jpg,
images/font-collection/Font List633.jpg,
images/font-collection/Font List1716.jpg,
images/font-collection/Font List888.jpg,
images/font-collection/Font List925.jpg,
images/font-collection/Font List358.jpg,
images/font-collection/Font List1056.jpg,
images/font-collection/Font List1172.jpg,
images/font-collection/Font List705.jpg,
images/font-collection/Font List1721.jpg,
images/font-collection/Font List1708.jpg,
images/font-collection/Font List415.jpg,
images/font-collection/Font List1009.jpg,
images/font-collection/Font List809.jpg,
images/font-collection/Font List1401.jpg,
images/font-collection/Font List850.jpg,
images/font-collection/Font List1486.jpg,
images/font-collection/Font List1295.jpg,
images/font-collection/Font List831.jpg,
images/font-collection/Font List399.jpg,
images/font-collection/Font List138.jpg,
images/font-collection/Font List1054.jpg,
images/font-collection/Font List1176.jpg,
images/font-collection/Font List276.jpg,
images/font-collection/Font List830.jpg,
images/font-collection/Font List1205.jpg,
images/font-collection/Font List846.jpg,
images/font-collection/Font List1162.jpg,
images/font-collection/Font List393.jpg,
images/font-collection/Font List775.jpg,
images/font-collection/Font List909.jpg,
images/font-collection/Font List357.jpg,
images/font-collection/Font List1388.jpg,
images/font-collection/Font List419.jpg,
images/font-collection/Font List464.jpg,
images/font-collection/Font List1549.jpg,
images/font-collection/Font List1330.jpg,
images/font-collection/Font List1696.jpg,
images/font-collection/Font List1573.jpg,
images/font-collection/Font List1247.jpg,
images/font-collection/Font List803.jpg,
images/font-collection/Font List859.jpg,
images/font-collection/Font List465.jpg,
images/font-collection/Font List1783.jpg,
images/font-collection/Font List974.jpg,
images/font-collection/Font List973.jpg,
images/font-collection/Font List1580.jpg,
images/font-collection/Font List1734.jpg,
images/font-collection/Font List267.jpg,
images/font-collection/Font List1616.jpg,
images/font-collection/Font List1043.jpg,
images/font-collection/Font List227.jpg,
images/font-collection/Font List468.jpg,
images/font-collection/Font List899.jpg,
images/font-collection/Font List1662.jpg,
images/font-collection/Font List1250.jpg,
images/font-collection/Font List826.jpg,
images/font-collection/Font List1477.jpg,
images/font-collection/Font List619.jpg,
images/font-collection/Font List416.jpg,
images/font-collection/Font List1053.jpg,
images/font-collection/Font List605.jpg,
images/font-collection/Font List55.jpg,
images/font-collection/Font List1293.jpg,
images/font-collection/Font List863.jpg,
images/font-collection/Font List560.jpg,
images/font-collection/Font List997.jpg,
images/font-collection/Font List1474.jpg,
images/font-collection/Font List370.jpg,
images/font-collection/Font List304.jpg,
images/font-collection/Font List887.jpg,
images/font-collection/Font List1548.jpg,
images/font-collection/Font List148.jpg,
images/font-collection/Font List1251.jpg,
images/font-collection/Font List1626.jpg,
images/font-collection/Font List458.jpg,
images/font-collection/Font List1219.jpg,
images/font-collection/Font List1577.jpg,
images/font-collection/Font List260.jpg,
images/font-collection/Font List677.jpg,
images/font-collection/Font List325.jpg,
images/font-collection/Font List244.jpg,
images/font-collection/Font List322.jpg,
images/font-collection/Font List340.jpg,
images/font-collection/Font List1777.jpg,
images/font-collection/Font List624.jpg,
images/font-collection/Font List969.jpg,
images/font-collection/Font List989.jpg,
images/font-collection/Font List1574.jpg,
images/font-collection/Font List1480.jpg,
images/font-collection/Font List1537.jpg,
images/font-collection/Font List1530.jpg,
images/font-collection/Font List765.jpg,
images/font-collection/Font List1463.jpg,
images/font-collection/Font List15.jpg,
images/font-collection/Font List723.jpg,
images/font-collection/Font List1738.jpg,
images/font-collection/Font List1625.jpg,
images/font-collection/Font List865.jpg,
images/font-collection/Font List462.jpg,
images/font-collection/Font List173.jpg,
images/font-collection/Font List459.jpg,
images/font-collection/Font List1478.jpg,
images/font-collection/Font List1627.jpg,
images/font-collection/Font List1464.jpg,
images/font-collection/Font List807.jpg,
images/font-collection/Font List959.jpg,
images/font-collection/Font List1175.jpg,
images/font-collection/Font List375.jpg,
images/font-collection/Font List911.jpg,
images/font-collection/Font List813.jpg,
images/font-collection/Font List122.jpg,
images/font-collection/Font List1291.jpg,
images/font-collection/Font List1628.jpg,
images/font-collection/Font List1168.jpg,
images/font-collection/Font List928.jpg,
images/font-collection/Font List59.jpg,
images/font-collection/Font List547.jpg,
images/font-collection/Font List483.jpg,
images/font-collection/Font List1732.jpg,
images/font-collection/Font List1462.jpg,
images/font-collection/Font List1400.jpg,
images/font-collection/Font List230.jpg,
images/font-collection/Font List1641.jpg,
images/font-collection/Font List757.jpg,
images/font-collection/Font List386.jpg,
images/font-collection/Font List963.jpg,
images/font-collection/Font List1629.jpg,
images/font-collection/Font List1612.jpg,
images/font-collection/Font List1058.jpg,
images/font-collection/Font List1461.jpg,
images/font-collection/Font List183.jpg,
images/font-collection/Font List990.jpg,
images/font-collection/Font List1275.jpg,
images/font-collection/Font List480.jpg,
images/font-collection/Font List349.jpg,
images/font-collection/Font List1481.jpg,
images/font-collection/Font List1466.jpg,
images/font-collection/Font List981.jpg,
images/font-collection/Font List245.jpg,
images/font-collection/Font List670.jpg,
images/font-collection/Font List1078.jpg,
images/font-collection/Font List578.jpg,
images/font-collection/Font List580.jpg,
images/font-collection/Font List1169.jpg,
images/font-collection/Font List61.jpg,
images/font-collection/Font List945.jpg,
images/font-collection/Font List1328.jpg,
images/font-collection/Font List1522.jpg,
images/font-collection/Font List1595.jpg,
images/font-collection/Font List412.jpg,
images/font-collection/Font List796.jpg,
images/font-collection/Font List524.jpg,
images/font-collection/Font List1213.jpg,
images/font-collection/Font List1144.jpg,
images/font-collection/Font List752.jpg,
images/font-collection/Font List47.jpg,
images/font-collection/Font List207.jpg,
images/font-collection/Font List1615.jpg,
images/font-collection/Font List1735.jpg,
images/font-collection/Font List527.jpg,
images/font-collection/Font List855.jpg,
images/font-collection/Font List509.jpg,
images/font-collection/Font List1277.jpg,
images/font-collection/Font List1283.jpg,
images/font-collection/Font List1648.jpg,
images/font-collection/Font List466.jpg,
images/font-collection/Font List243.jpg,
images/font-collection/Font List725.jpg,
images/font-collection/Font List864.jpg,
images/font-collection/Font List1479.jpg,
images/font-collection/Font List653.jpg,
images/font-collection/Font List1055.jpg,
images/font-collection/Font List346.jpg,
images/font-collection/Font List1470.jpg,
images/font-collection/Font List314.jpg,
images/font-collection/Font List532.jpg,
images/font-collection/Font List79.jpg,
images/font-collection/Font List657.jpg,
images/font-collection/Font List155.jpg,
images/font-collection/Font List154.jpg,
images/font-collection/Font List153.jpg,
images/font-collection/Font List1518.jpg,
images/font-collection/Font List44.jpg,
images/font-collection/Font List1086.jpg,
images/font-collection/Font List1039.jpg,
images/font-collection/Font List1706.jpg,
images/font-collection/Font List281.jpg,
images/font-collection/Font List1579.jpg,
images/font-collection/Font List1193.jpg,
images/font-collection/Font List1192.jpg,
images/font-collection/Font List1203.jpg,
images/font-collection/Font List1102.jpg,
images/font-collection/Font List620.jpg,
images/font-collection/Font List652.jpg,
images/font-collection/Font List514.jpg,
images/font-collection/Font List1597.jpg,
images/font-collection/Font List622.jpg,
images/font-collection/Font List1074.jpg,
images/font-collection/Font List309.jpg,
images/font-collection/Font List1589.jpg,
images/font-collection/Font List1297.jpg,
images/font-collection/Font List236.jpg,
images/font-collection/Font List73.jpg,
images/font-collection/Font List525.jpg,
images/font-collection/Font List1028.jpg,
images/font-collection/Font List940.jpg,
images/font-collection/Font List463.jpg,
images/font-collection/Font List534.jpg,
images/font-collection/Font List449.jpg,
images/font-collection/Font List1591.jpg,
images/font-collection/Font List1693.jpg,
images/font-collection/Font List171.jpg,
images/font-collection/Font List467.jpg,
images/font-collection/Font List1533.jpg,
images/font-collection/Font List873.jpg,
images/font-collection/Font List252.jpg,
images/font-collection/Font List1572.jpg,
images/font-collection/Font List5.jpg,
images/font-collection/Font List1397.jpg,
images/font-collection/Font List920.jpg,
images/font-collection/Font List919.jpg,
images/font-collection/Font List828.jpg,
images/font-collection/Font List987.jpg,
images/font-collection/Font List1748.jpg,
images/font-collection/Font List1066.jpg,
images/font-collection/Font List1610.jpg,
images/font-collection/Font List674.jpg,
images/font-collection/Font List1467.jpg,
images/font-collection/Font List577.jpg,
images/font-collection/Font List504.jpg,
images/font-collection/Font List621.jpg,
images/font-collection/Font List1521.jpg,
images/font-collection/Font List1538.jpg,
images/font-collection/Font List681.jpg,
images/font-collection/Font List770.jpg,
images/font-collection/Font List279.jpg,
images/font-collection/Font List446.jpg,
images/font-collection/Font List964.jpg,
images/font-collection/Font List241.jpg,
images/font-collection/Font List510.jpg,
images/font-collection/Font List1183.jpg,
images/font-collection/Font List623.jpg,
images/font-collection/Font List1333.jpg,
images/font-collection/Font List1332.jpg,
images/font-collection/Font List1780.jpg,
images/font-collection/Font List1185.jpg,
images/font-collection/Font List60.jpg,
images/font-collection/Font List1187.jpg,
images/font-collection/Font List341.jpg,
images/font-collection/Font List116.jpg,
images/font-collection/Font List711.jpg,
images/font-collection/Font List507.jpg,
images/font-collection/Font List1699.jpg,
images/font-collection/Font List895.jpg,
images/font-collection/Font List311.jpg,
images/font-collection/Font List658.jpg,
images/font-collection/Font List1576.jpg,
images/font-collection/Font List1314.jpg,
images/font-collection/Font List1451.jpg,
images/font-collection/Font List820.jpg,
images/font-collection/Font List460.jpg,
images/font-collection/Font List1155.jpg,
images/font-collection/Font List508.jpg,
images/font-collection/Font List671.jpg,
images/font-collection/Font List184.jpg,
images/font-collection/Font List1211.jpg,
images/font-collection/Font List1540.jpg,
images/font-collection/Font List901.jpg,
images/font-collection/Font List900.jpg,
images/font-collection/Font List437.jpg,
images/font-collection/Font List76.jpg,
images/font-collection/Font List1222.jpg,
images/font-collection/Font List896.jpg,
images/font-collection/Font List833.jpg,
images/font-collection/Font List914.jpg,
images/font-collection/Font List538.jpg,
images/font-collection/Font List1442.jpg,
images/font-collection/Font List1621.jpg,
images/font-collection/Font List1221.jpg,
images/font-collection/Font List713.jpg,
images/font-collection/Font List773.jpg,
images/font-collection/Font List178.jpg,
images/font-collection/Font List1691.jpg,
images/font-collection/Font List1186.jpg,
images/font-collection/Font List814.jpg,
images/font-collection/Font List737.jpg,
images/font-collection/Font List355.jpg,
images/font-collection/Font List517.jpg,
images/font-collection/Font List1313.jpg,
images/font-collection/Font List690.jpg,
images/font-collection/Font List1062.jpg,
images/font-collection/Font List1266.jpg,
images/font-collection/Font List611.jpg,
images/font-collection/Font List731.jpg,
images/font-collection/Font List1088.jpg,
images/font-collection/Font List326.jpg,
images/font-collection/Font List1311.jpg,
images/font-collection/Font List710.jpg,
images/font-collection/Font List461.jpg,
images/font-collection/Font List606.jpg,
images/font-collection/Font List112.jpg,
images/font-collection/Font List1310.jpg,
images/font-collection/Font List242.jpg,
images/font-collection/Font List479.jpg,
images/font-collection/Font List286.jpg,
images/font-collection/Font List147.jpg,
images/font-collection/Font List43.jpg,
images/font-collection/Font List999.jpg,
images/font-collection/Font List1184.jpg,
images/font-collection/Font List1029.jpg,
images/font-collection/Font List1596.jpg,
images/font-collection/Font List1413.jpg,
images/font-collection/Font List1381.jpg,
images/font-collection/Font List539.jpg,
images/font-collection/Font List1090.jpg,
images/font-collection/Font List1150.jpg,
images/font-collection/Font List1149.jpg,
images/font-collection/Font List457.jpg,
images/font-collection/Font List450.jpg,
images/font-collection/Font List477.jpg,
images/font-collection/Font List1064.jpg,
images/font-collection/Font List331.jpg,
images/font-collection/Font List1562.jpg,
images/font-collection/Font List1270.jpg,
images/font-collection/Font List192.jpg,
images/font-collection/Font List1645.jpg,
images/font-collection/Font List1542.jpg,
images/font-collection/Font List1594.jpg,
images/font-collection/Font List1578.jpg,
images/font-collection/Font List1218.jpg,
images/font-collection/Font List1643.jpg,
images/font-collection/Font List1468.jpg,
images/font-collection/Font List853.jpg,
images/font-collection/Font List82.jpg,
images/font-collection/Font List181.jpg,
images/font-collection/Font List825.jpg,
images/font-collection/Font List1262.jpg,
images/font-collection/Font List642.jpg,
images/font-collection/Font List265.jpg,
images/font-collection/Font List604.jpg,
images/font-collection/Font List730.jpg,
images/font-collection/Font List662.jpg,
images/font-collection/Font List1535.jpg,
images/font-collection/Font List1212.jpg,
images/font-collection/Font List693.jpg,
images/font-collection/Font List417.jpg,
images/font-collection/Font List1495.jpg,
images/font-collection/Font List1249.jpg,
images/font-collection/Font List1536.jpg,
images/font-collection/Font List688.jpg,
images/font-collection/Font List1754.jpg,
images/font-collection/Font List263.jpg,
images/font-collection/Font List1065.jpg,
images/font-collection/Font List1049.jpg,
images/font-collection/Font List1048.jpg,
images/font-collection/Font List1121.jpg,
images/font-collection/Font List237.jpg,
images/font-collection/Font List176.jpg,
images/font-collection/Font List1655.jpg,
images/font-collection/Font List323.jpg,
images/font-collection/Font List1701.jpg,
images/font-collection/Font List1220.jpg,
images/font-collection/Font List995.jpg,
images/font-collection/Font List1264.jpg,
images/font-collection/Font List115.jpg,
images/font-collection/Font List1465.jpg,
images/font-collection/Font List991.jpg,
images/font-collection/Font List827.jpg,
images/font-collection/Font List726.jpg,
images/font-collection/Font List760.jpg,
images/font-collection/Font List1490.jpg,
images/font-collection/Font List854.jpg,
images/font-collection/Font List1761.jpg,
images/font-collection/Font List312.jpg,
images/font-collection/Font List617.jpg,
images/font-collection/Font List996.jpg,
images/font-collection/Font List1318.jpg,
images/font-collection/Font List1599.jpg,
images/font-collection/Font List742.jpg,
images/font-collection/Font List794.jpg,
images/font-collection/Font List141.jpg,
images/font-collection/Font List994.jpg,
images/font-collection/Font List689.jpg,
images/font-collection/Font List280.jpg,
images/font-collection/Font List1715.jpg,
images/font-collection/Font List161.jpg,
images/font-collection/Font List160.jpg,
images/font-collection/Font List159.jpg,
images/font-collection/Font List651.jpg,
images/font-collection/Font List650.jpg,
images/font-collection/Font List866.jpg,
images/font-collection/Font List1374.jpg,
images/font-collection/Font List257.jpg,
images/font-collection/Font List1115.jpg,
images/font-collection/Font List284.jpg,
images/font-collection/Font List1196.jpg,
images/font-collection/Font List1613.jpg,
images/font-collection/Font List1268.jpg,
images/font-collection/Font List876.jpg,
images/font-collection/Font List1308.jpg,
images/font-collection/Font List503.jpg,
images/font-collection/Font List10.jpg,
images/font-collection/Font List194.jpg,
images/font-collection/Font List282.jpg,
images/font-collection/Font List1593.jpg,
images/font-collection/Font List1436.jpg,
images/font-collection/Font List533.jpg,
images/font-collection/Font List522.jpg,
images/font-collection/Font List966.jpg,
images/font-collection/Font List798.jpg,
images/font-collection/Font List1601.jpg,
images/font-collection/Font List1588.jpg,
images/font-collection/Font List1688.jpg,
images/font-collection/Font List721.jpg,
images/font-collection/Font List1319.jpg,
images/font-collection/Font List1072.jpg,
images/font-collection/Font List302.jpg,
images/font-collection/Font List618.jpg,
images/font-collection/Font List682.jpg,
images/font-collection/Font List333.jpg,
images/font-collection/Font List22.jpg,
images/font-collection/Font List1103.jpg,
images/font-collection/Font List482.jpg,
images/font-collection/Font List58.jpg,
images/font-collection/Font List1611.jpg,
images/font-collection/Font List540.jpg,
images/font-collection/Font List1417.jpg,
images/font-collection/Font List1392.jpg,
images/font-collection/Font List1775.jpg,
images/font-collection/Font List1494.jpg,
images/font-collection/Font List1204.jpg,
images/font-collection/Font List278.jpg,
images/font-collection/Font List669.jpg,
images/font-collection/Font List1060.jpg,
images/font-collection/Font List968.jpg,
images/font-collection/Font List1341.jpg,
images/font-collection/Font List1386.jpg,
images/font-collection/Font List1710.jpg,
images/font-collection/Font List1779.jpg,
images/font-collection/Font List1778.jpg,
images/font-collection/Font List1156.jpg,
images/font-collection/Font List1585.jpg,
images/font-collection/Font List727.jpg,
images/font-collection/Font List761.jpg,
images/font-collection/Font List590.jpg,
images/font-collection/Font List1096.jpg,
images/font-collection/Font List255.jpg,
images/font-collection/Font List615.jpg,
images/font-collection/Font List1590.jpg,
images/font-collection/Font List1517.jpg,
images/font-collection/Font List1378.jpg,
images/font-collection/Font List448.jpg,
images/font-collection/Font List137.jpg,
images/font-collection/Font List948.jpg,
images/font-collection/Font List736.jpg,
images/font-collection/Font List788.jpg,
images/font-collection/Font List751.jpg,
images/font-collection/Font List1214.jpg,
images/font-collection/Font List128.jpg,
images/font-collection/Font List537.jpg,
images/font-collection/Font List536.jpg,
images/font-collection/Font List1653.jpg,
images/font-collection/Font List379.jpg,
images/font-collection/Font List1784.jpg,
images/font-collection/Font List247.jpg,
images/font-collection/Font List1571.jpg,
images/font-collection/Font List329.jpg,
images/font-collection/Font List993.jpg,
images/font-collection/Font List381.jpg,
images/font-collection/Font List955.jpg,
images/font-collection/Font List1679.jpg,
images/font-collection/Font List1678.jpg,
images/font-collection/Font List1555.jpg,
images/font-collection/Font List1554.jpg,
images/font-collection/Font List1689.jpg,
images/font-collection/Font List1425.jpg,
images/font-collection/Font List563.jpg,
images/font-collection/Font List146.jpg,
images/font-collection/Font List630.jpg,
images/font-collection/Font List180.jpg,
images/font-collection/Font List1657.jpg,
images/font-collection/Font List779.jpg,
images/font-collection/Font List1630.jpg,
images/font-collection/Font List628.jpg,
images/font-collection/Font List1061.jpg,
images/font-collection/Font List288.jpg,
images/font-collection/Font List792.jpg,
images/font-collection/Font List1305.jpg,
images/font-collection/Font List1321.jpg,
images/font-collection/Font List691.jpg,
images/font-collection/Font List755.jpg,
images/font-collection/Font List567.jpg,
images/font-collection/Font List1743.jpg,
images/font-collection/Font List1110.jpg,
images/font-collection/Font List1724.jpg,
images/font-collection/Font List1723.jpg,
images/font-collection/Font List1649.jpg,
images/font-collection/Font List285.jpg,
images/font-collection/Font List172.jpg,
images/font-collection/Font List1010.jpg,
images/font-collection/Font List949.jpg,
images/font-collection/Font List1644.jpg,
images/font-collection/Font List1200.jpg,
images/font-collection/Font List1558.jpg,
images/font-collection/Font List499.jpg,
images/font-collection/Font List1339.jpg,
images/font-collection/Font List1210.jpg,
images/font-collection/Font List546.jpg,
images/font-collection/Font List1730.jpg,
images/font-collection/Font List712.jpg,
images/font-collection/Font List1216.jpg,
images/font-collection/Font List1661.jpg,
images/font-collection/Font List283.jpg,
images/font-collection/Font List1733.jpg,
images/font-collection/Font List946.jpg,
images/font-collection/Font List254.jpg,
images/font-collection/Font List1675.jpg,
images/font-collection/Font List1674.jpg,
images/font-collection/Font List1409.jpg,
images/font-collection/Font List937.jpg,
images/font-collection/Font List380.jpg,
images/font-collection/Font List977.jpg,
images/font-collection/Font List444.jpg,
images/font-collection/Font List1453.jpg,
images/font-collection/Font List1607.jpg,
images/font-collection/Font List33.jpg,
images/font-collection/Font List1493.jpg,
images/font-collection/Font List885.jpg,
images/font-collection/Font List939.jpg,
images/font-collection/Font List938.jpg,
images/font-collection/Font List318.jpg,
images/font-collection/Font List774.jpg,
images/font-collection/Font List1744.jpg,
images/font-collection/Font List390.jpg,
images/font-collection/Font List259.jpg,
images/font-collection/Font List821.jpg,
images/font-collection/Font List268.jpg,
images/font-collection/Font List616.jpg,
images/font-collection/Font List1254.jpg,
images/font-collection/Font List1015.jpg,
images/font-collection/Font List1553.jpg,
images/font-collection/Font List1552.jpg,
images/font-collection/Font List39.jpg,
images/font-collection/Font List1265.jpg,
images/font-collection/Font List383.jpg,
images/font-collection/Font List1148.jpg,
images/font-collection/Font List1199.jpg,
images/font-collection/Font List1719.jpg,
images/font-collection/Font List521.jpg,
images/font-collection/Font List1255.jpg,
images/font-collection/Font List954.jpg,
images/font-collection/Font List1195.jpg,
images/font-collection/Font List1671.jpg,
images/font-collection/Font List1120.jpg,
images/font-collection/Font List947.jpg,
images/font-collection/Font List445.jpg,
images/font-collection/Font List1686.jpg,
images/font-collection/Font List139.jpg,
images/font-collection/Font List649.jpg,
images/font-collection/Font List648.jpg,
images/font-collection/Font List435.jpg,
images/font-collection/Font List1165.jpg,
images/font-collection/Font List951.jpg,
images/font-collection/Font List565.jpg,
images/font-collection/Font List1164.jpg,
images/font-collection/Font List980.jpg,
images/font-collection/Font List579.jpg,
images/font-collection/Font List921.jpg,
images/font-collection/Font List1654.jpg,
images/font-collection/Font List884.jpg,
images/font-collection/Font List762.jpg,
images/font-collection/Font List1545.jpg,
images/font-collection/Font List1500.jpg,
images/font-collection/Font List1598.jpg,
images/font-collection/Font List1682.jpg,
images/font-collection/Font List96.jpg,
images/font-collection/Font List117.jpg,
images/font-collection/Font List680.jpg,
images/font-collection/Font List1516.jpg,
images/font-collection/Font List1587.jpg,
images/font-collection/Font List664.jpg,
images/font-collection/Font List1137.jpg,
images/font-collection/Font List874.jpg,
images/font-collection/Font List638.jpg,
images/font-collection/Font List559.jpg,
images/font-collection/Font List1282.jpg,
images/font-collection/Font List550.jpg,
images/font-collection/Font List970.jpg,
images/font-collection/Font List28.jpg,
images/font-collection/Font List844.jpg,
images/font-collection/Font List575.jpg,
images/font-collection/Font List574.jpg,
images/font-collection/Font List1695.jpg,
images/font-collection/Font List667.jpg,
images/font-collection/Font List1424.jpg,
images/font-collection/Font List566.jpg,
images/font-collection/Font List1153.jpg,
images/font-collection/Font List1455.jpg,
images/font-collection/Font List1488.jpg,
images/font-collection/Font List953.jpg,
images/font-collection/Font List16.jpg,
images/font-collection/Font List400.jpg,
images/font-collection/Font List778.jpg,
images/font-collection/Font List627.jpg,
images/font-collection/Font List767.jpg,
images/font-collection/Font List829.jpg,
images/font-collection/Font List332.jpg,
images/font-collection/Font List972.jpg,
images/font-collection/Font List971.jpg,
images/font-collection/Font List1230.jpg,
images/font-collection/Font List1229.jpg,
images/font-collection/Font List1269.jpg,
images/font-collection/Font List1586.jpg,
images/font-collection/Font List1340.jpg,
images/font-collection/Font List1261.jpg,
images/font-collection/Font List219.jpg,
images/font-collection/Font List1507.jpg,
images/font-collection/Font List1747.jpg,
images/font-collection/Font List46.jpg,
images/font-collection/Font List1592.jpg,
images/font-collection/Font List310.jpg,
images/font-collection/Font List810.jpg,
images/font-collection/Font List992.jpg,
images/font-collection/Font List698.jpg,
images/font-collection/Font List1523.jpg,
images/font-collection/Font List133.jpg,
images/font-collection/Font List198.jpg,
images/font-collection/Font List1217.jpg,
images/font-collection/Font List1527.jpg,
images/font-collection/Font List1764.jpg,
images/font-collection/Font List363.jpg,
images/font-collection/Font List1322.jpg,
images/font-collection/Font List1755.jpg,
images/font-collection/Font List1524.jpg,
images/font-collection/Font List952.jpg,
images/font-collection/Font List1312.jpg,
images/font-collection/Font List1584.jpg,
images/font-collection/Font List1727.jpg,
images/font-collection/Font List1640.jpg,
images/font-collection/Font List1726.jpg,
images/font-collection/Font List1407.jpg,
images/font-collection/Font List500.jpg,
images/font-collection/Font List545.jpg,
images/font-collection/Font List544.jpg,
images/font-collection/Font List1226.jpg,
images/font-collection/Font List250.jpg,
images/font-collection/Font List557.jpg,
images/font-collection/Font List1665.jpg,
images/font-collection/Font List1505.jpg,
images/font-collection/Font List1551.jpg,
images/font-collection/Font List1550.jpg,
images/font-collection/Font List845.jpg,
images/font-collection/Font List1510.jpg,
images/font-collection/Font List214.jpg,
images/font-collection/Font List1416.jpg,
images/font-collection/Font List641.jpg,
images/font-collection/Font List1020.jpg,
images/font-collection/Font List1019.jpg,
images/font-collection/Font List1396.jpg,
images/font-collection/Font List87.jpg,
images/font-collection/Font List149.jpg,
images/font-collection/Font List766.jpg,
images/font-collection/Font List1782.jpg,
images/font-collection/Font List1736.jpg,
images/font-collection/Font List927.jpg,
images/font-collection/Font List1227.jpg,
images/font-collection/Font List822.jpg,
images/font-collection/Font List856.jpg,
images/font-collection/Font List238.jpg,
images/font-collection/Font List1692.jpg,
images/font-collection/Font List1361.jpg,
images/font-collection/Font List395.jpg,
images/font-collection/Font List659.jpg,
images/font-collection/Font List686.jpg,
images/font-collection/Font List453.jpg,
images/font-collection/Font List558.jpg,
images/font-collection/Font List394.jpg,
images/font-collection/Font List978.jpg,
images/font-collection/Font List377.jpg,
images/font-collection/Font List293.jpg,
images/font-collection/Font List1637.jpg,
images/font-collection/Font List121.jpg,
images/font-collection/Font List120.jpg,
images/font-collection/Font List1167.jpg,
images/font-collection/Font List481.jpg,
images/font-collection/Font List676.jpg,
images/font-collection/Font List1427.jpg,
images/font-collection/Font List1241.jpg,
images/font-collection/Font List287.jpg,
images/font-collection/Font List603.jpg,
images/font-collection/Font List743.jpg,
images/font-collection/Font List86.jpg,
images/font-collection/Font List1267.jpg,
images/font-collection/Font List1394.jpg,
images/font-collection/Font List1263.jpg,
images/font-collection/Font List668.jpg,
images/font-collection/Font List890.jpg,
images/font-collection/Font List353.jpg,
images/font-collection/Font List655.jpg,
images/font-collection/Font List599.jpg,
images/font-collection/Font List1223.jpg,
images/font-collection/Font List1342.jpg,
images/font-collection/Font List1126.jpg,
images/font-collection/Font List1472.jpg,
images/font-collection/Font List950.jpg,
images/font-collection/Font List384.jpg,
images/font-collection/Font List905.jpg,
images/font-collection/Font List904.jpg,
images/font-collection/Font List1224.jpg,
images/font-collection/Font List626.jpg,
images/font-collection/Font List1022.jpg,
images/font-collection/Font List408.jpg,
images/font-collection/Font List95.jpg,
images/font-collection/Font List197.jpg,
images/font-collection/Font List13.jpg,
images/font-collection/Font List1353.jpg,
images/font-collection/Font List1161.jpg,
images/font-collection/Font List967.jpg,
images/font-collection/Font List249.jpg,
images/font-collection/Font List175.jpg,
images/font-collection/Font List1491.jpg,
images/font-collection/Font List600.jpg,
images/font-collection/Font List1145.jpg,
images/font-collection/Font List324.jpg,
images/font-collection/Font List102.jpg,
images/font-collection/Font List1677.jpg,
images/font-collection/Font List1676.jpg,
images/font-collection/Font List637.jpg,
images/font-collection/Font List1207.jpg,
images/font-collection/Font List1209.jpg,
images/font-collection/Font List1690.jpg,
images/font-collection/Font List20.jpg,
images/font-collection/Font List1525.jpg,
images/font-collection/Font List206.jpg,
images/font-collection/Font List1231.jpg,
images/font-collection/Font List1614.jpg,
images/font-collection/Font List598.jpg,
images/font-collection/Font List1243.jpg,
images/font-collection/Font List74.jpg,
images/font-collection/Font List1215.jpg,
images/font-collection/Font List932.jpg,
images/font-collection/Font List1746.jpg,
images/font-collection/Font List1018.jpg,
images/font-collection/Font List832.jpg,
images/font-collection/Font List882.jpg,
images/font-collection/Font List1147.jpg,
images/font-collection/Font List1526.jpg,
images/font-collection/Font List179.jpg,
images/font-collection/Font List114.jpg,
images/font-collection/Font List1244.jpg,
images/font-collection/Font List1713.jpg,
images/font-collection/Font List526.jpg,
images/font-collection/Font List167.jpg,
images/font-collection/Font List1151.jpg,
images/font-collection/Font List564.jpg,
images/font-collection/Font List687.jpg,
images/font-collection/Font List1063.jpg,
images/font-collection/Font List1011.jpg,
images/font-collection/Font List1284.jpg,
images/font-collection/Font List443.jpg,
images/font-collection/Font List1323.jpg,
images/font-collection/Font List440.jpg,
images/font-collection/Font List1717.jpg,
images/font-collection/Font List595.jpg,
images/font-collection/Font List362.jpg,
images/font-collection/Font List787.jpg,
images/font-collection/Font List1504.jpg,
images/font-collection/Font List447.jpg,
images/font-collection/Font List880.jpg,
images/font-collection/Font List1105.jpg,
images/font-collection/Font List1225.jpg,
images/font-collection/Font List344.jpg,
images/font-collection/Font List714.jpg,
images/font-collection/Font List1347.jpg,
images/font-collection/Font List1139.jpg,
images/font-collection/Font List556.jpg,
images/font-collection/Font List345.jpg,
images/font-collection/Font List1503.jpg,
images/font-collection/Font List1502.jpg,
images/font-collection/Font List110.jpg,
images/font-collection/Font List109.jpg,
images/font-collection/Font List108.jpg,
images/font-collection/Font List107.jpg,
images/font-collection/Font List106.jpg,
images/font-collection/Font List105.jpg,
images/font-collection/Font List1077.jpg,
images/font-collection/Font List908.jpg,
images/font-collection/Font List256.jpg,
images/font-collection/Font List476.jpg,
images/font-collection/Font List1013.jpg,
images/font-collection/Font List1160.jpg,
images/font-collection/Font List591.jpg,
images/font-collection/Font List405.jpg,
images/font-collection/Font List38.jpg,
images/font-collection/Font List1201.jpg,
images/font-collection/Font List1208.jpg,
images/font-collection/Font List764.jpg,
images/font-collection/Font List1560.jpg,
images/font-collection/Font List1745.jpg,
images/font-collection/Font List41.jpg,
images/font-collection/Font List1017.jpg,
images/font-collection/Font List1021.jpg,
images/font-collection/Font List224.jpg,
images/font-collection/Font List140.jpg,
images/font-collection/Font List983.jpg,
images/font-collection/Font List1106.jpg,
images/font-collection/Font List1469.jpg,
images/font-collection/Font List1606.jpg,
images/font-collection/Font List715.jpg,
images/font-collection/Font List1681.jpg,
images/font-collection/Font List1680.jpg,
images/font-collection/Font List1660.jpg,
images/font-collection/Font List78.jpg,
images/font-collection/Font List1014.jpg,
images/font-collection/Font List562.jpg,
images/font-collection/Font List266.jpg,
images/font-collection/Font List1233.jpg,
images/font-collection/Font List1664.jpg,
images/font-collection/Font List35.jpg,
images/font-collection/Font List675.jpg,
images/font-collection/Font List614.jpg,
images/font-collection/Font List1101.jpg,
images/font-collection/Font List1100.jpg,
images/font-collection/Font List1124.jpg,
images/font-collection/Font List364.jpg,
images/font-collection/Font List1633.jpg,
images/font-collection/Font List495.jpg,
images/font-collection/Font List1095.jpg,
images/font-collection/Font List542.jpg,
images/font-collection/Font List1622.jpg,
images/font-collection/Font List1032.jpg,
images/font-collection/Font List640.jpg,
images/font-collection/Font List572.jpg,
images/font-collection/Font List376.jpg,
images/font-collection/Font List1178.jpg,
images/font-collection/Font List1257.jpg,
images/font-collection/Font List1256.jpg,
images/font-collection/Font List930.jpg,
images/font-collection/Font List1360.jpg,
images/font-collection/Font List1408.jpg,
images/font-collection/Font List502.jpg,
images/font-collection/Font List515.jpg,
images/font-collection/Font List1652.jpg,
images/font-collection/Font List1651.jpg,
images/font-collection/Font List1650.jpg,
images/font-collection/Font List335.jpg,
images/font-collection/Font List1776.jpg,
images/font-collection/Font List523.jpg,
images/font-collection/Font List1206.jpg,
images/font-collection/Font List728.jpg,
images/font-collection/Font List593.jpg,
images/font-collection/Font List382.jpg,
images/font-collection/Font List277.jpg,
images/font-collection/Font List1673.jpg,
images/font-collection/Font List1672.jpg,
images/font-collection/Font List1118.jpg,
images/font-collection/Font List21.jpg,
images/font-collection/Font List883.jpg,
images/font-collection/Font List1238.jpg,
images/font-collection/Font List402.jpg,
images/font-collection/Font List1700.jpg,
images/font-collection/Font List191.jpg,
images/font-collection/Font List1402.jpg,
images/font-collection/Font List492.jpg,
images/font-collection/Font List85.jpg,
images/font-collection/Font List1138.jpg,
images/font-collection/Font List1136.jpg,
images/font-collection/Font List1605.jpg,
images/font-collection/Font List315.jpg,
images/font-collection/Font List958.jpg,
images/font-collection/Font List289.jpg,
images/font-collection/Font List455.jpg,
images/font-collection/Font List1667.jpg,
images/font-collection/Font List666.jpg,
images/font-collection/Font List94.jpg,
images/font-collection/Font List439.jpg,
images/font-collection/Font List1232.jpg,
images/font-collection/Font List512.jpg,
images/font-collection/Font List1240.jpg,
images/font-collection/Font List602.jpg,
images/font-collection/Font List132.jpg,
images/font-collection/Font List716.jpg,
images/font-collection/Font List118.jpg,
images/font-collection/Font List1546.jpg,
images/font-collection/Font List979.jpg,
images/font-collection/Font List1718.jpg,
images/font-collection/Font List1350.jpg,
images/font-collection/Font List799.jpg,
images/font-collection/Font List975.jpg,
images/font-collection/Font List1094.jpg,
images/font-collection/Font List211.jpg,
images/font-collection/Font List1379.jpg,
images/font-collection/Font List1131.jpg,
images/font-collection/Font List490.jpg,
images/font-collection/Font List489.jpg,
images/font-collection/Font List488.jpg,
images/font-collection/Font List487.jpg,
images/font-collection/Font List486.jpg,
images/font-collection/Font List485.jpg,
images/font-collection/Font List1133.jpg,
images/font-collection/Font List548.jpg,
images/font-collection/Font List722.jpg,
images/font-collection/Font List1334.jpg,
images/font-collection/Font List1489.jpg,
images/font-collection/Font List843.jpg,
images/font-collection/Font List861.jpg,
images/font-collection/Font List193.jpg,
images/font-collection/Font List2.jpg,
images/font-collection/Font List1042.jpg,
images/font-collection/Font List931.jpg,
images/font-collection/Font List438.jpg,
images/font-collection/Font List319.jpg,
images/font-collection/Font List339.jpg,
images/font-collection/Font List205.jpg,
images/font-collection/Font List145.jpg,
images/font-collection/Font List228.jpg,
images/font-collection/Font List496.jpg,
images/font-collection/Font List907.jpg,
images/font-collection/Font List906.jpg,
images/font-collection/Font List1298.jpg,
images/font-collection/Font List1482.jpg,
images/font-collection/Font List1541.jpg,
images/font-collection/Font List99.jpg,
images/font-collection/Font List1030.jpg,
images/font-collection/Font List842.jpg,
images/font-collection/Font List1346.jpg,
images/font-collection/Font List1345.jpg,
images/font-collection/Font List1380.jpg,
images/font-collection/Font List851.jpg,
images/font-collection/Font List1763.jpg,
images/font-collection/Font List441.jpg,
images/font-collection/Font List360.jpg,
images/font-collection/Font List92.jpg,
images/font-collection/Font List772.jpg,
images/font-collection/Font List385.jpg,
images/font-collection/Font List552.jpg,
images/font-collection/Font List1182.jpg,
images/font-collection/Font List733.jpg,
images/font-collection/Font List1132.jpg,
images/font-collection/Font List665.jpg,
images/font-collection/Font List6.jpg,
images/font-collection/Font List336.jpg,
images/font-collection/Font List422.jpg,
images/font-collection/Font List12.jpg,
images/font-collection/Font List1620.jpg,
images/font-collection/Font List1740.jpg,
images/font-collection/Font List258.jpg,
images/font-collection/Font List1412.jpg,
images/font-collection/Font List1487.jpg,
images/font-collection/Font List72.jpg,
images/font-collection/Font List70.jpg,
images/font-collection/Font List1343.jpg,
images/font-collection/Font List852.jpg,
images/font-collection/Font List1325.jpg,
images/font-collection/Font List584.jpg,
images/font-collection/Font List1631.jpg,
images/font-collection/Font List294.jpg,
images/font-collection/Font List720.jpg,
images/font-collection/Font List758.jpg,
images/font-collection/Font List881.jpg,
images/font-collection/Font List1670.jpg,
images/font-collection/Font List343.jpg,
images/font-collection/Font List875.jpg,
images/font-collection/Font List1362.jpg,
images/font-collection/Font List1303.jpg,
images/font-collection/Font List1127.jpg,
images/font-collection/Font List636.jpg,
images/font-collection/Font List71.jpg,
images/font-collection/Font List406.jpg,
images/font-collection/Font List251.jpg,
images/font-collection/Font List583.jpg,
images/font-collection/Font List1666.jpg,
images/font-collection/Font List472.jpg,
images/font-collection/Font List647.jpg,
images/font-collection/Font List506.jpg,
images/font-collection/Font List1012.jpg,
images/font-collection/Font List800.jpg,
images/font-collection/Font List1354.jpg,
images/font-collection/Font List1422.jpg,
images/font-collection/Font List361.jpg,
images/font-collection/Font List1300.jpg,
images/font-collection/Font List553.jpg,
images/font-collection/Font List891.jpg,
images/font-collection/Font List1134.jpg,
images/font-collection/Font List1083.jpg,
images/font-collection/Font List359.jpg,
images/font-collection/Font List1382.jpg,
images/font-collection/Font List1452.jpg,
images/font-collection/Font List261.jpg,
images/font-collection/Font List815.jpg,
images/font-collection/Font List879.jpg,
images/font-collection/Font List573.jpg,
images/font-collection/Font List264.jpg,
images/font-collection/Font List1445.jpg,
images/font-collection/Font List126.jpg,
images/font-collection/Font List134.jpg,
images/font-collection/Font List1084.jpg,
images/font-collection/Font List290.jpg,
images/font-collection/Font List985.jpg,
images/font-collection/Font List1076.jpg,
images/font-collection/Font List1234.jpg,
images/font-collection/Font List1603.jpg,
images/font-collection/Font List1344.jpg,
images/font-collection/Font List201.jpg,
images/font-collection/Font List1253.jpg,
images/font-collection/Font List1.jpg,
images/font-collection/Font List493.jpg,
images/font-collection/Font List454.jpg,
images/font-collection/Font List862.jpg,
images/font-collection/Font List1395.jpg,
images/font-collection/Font List1236.jpg,
images/font-collection/Font List1582.jpg,
images/font-collection/Font List226.jpg,
images/font-collection/Font List1129.jpg,
images/font-collection/Font List998.jpg,
images/font-collection/Font List1008.jpg,
images/font-collection/Font List797.jpg,
images/font-collection/Font List1031.jpg,
images/font-collection/Font List473.jpg,
images/font-collection/Font List706.jpg,
images/font-collection/Font List1123.jpg,
images/font-collection/Font List644.jpg,
images/font-collection/Font List1181.jpg,
images/font-collection/Font List1659.jpg,
images/font-collection/Font List582.jpg,
images/font-collection/Font List634.jpg,
images/font-collection/Font List1302.jpg,
images/font-collection/Font List474.jpg,
images/font-collection/Font List45.jpg,
images/font-collection/Font List1099.jpg,
images/font-collection/Font List144.jpg,
images/font-collection/Font List962.jpg,
images/font-collection/Font List1390.jpg,
images/font-collection/Font List1366.jpg,
images/font-collection/Font List491.jpg,
images/font-collection/Font List1483.jpg,
images/font-collection/Font List113.jpg,
images/font-collection/Font List835.jpg,
images/font-collection/Font List1026.jpg,
images/font-collection/Font List273.jpg,
images/font-collection/Font List961.jpg,
images/font-collection/Font List1089.jpg,
images/font-collection/Font List1034.jpg,
images/font-collection/Font List431.jpg,
images/font-collection/Font List1119.jpg,
images/font-collection/Font List442.jpg,
images/font-collection/Font List403.jpg,
images/font-collection/Font List1423.jpg,
images/font-collection/Font List274.jpg,
images/font-collection/Font List543.jpg,
images/font-collection/Font List1027.jpg,
images/font-collection/Font List425.jpg,
images/font-collection/Font List581.jpg,
images/font-collection/Font List1720.jpg,
images/font-collection/Font List1246.jpg,
images/font-collection/Font List960.jpg,
images/font-collection/Font List1583.jpg,
images/font-collection/Font List334.jpg,
images/font-collection/Font List858.jpg,
images/font-collection/Font List935.jpg,
images/font-collection/Font List1348.jpg,
images/font-collection/Font List1059.jpg,
images/font-collection/Font List877.jpg,
images/font-collection/Font List1016.jpg,
images/font-collection/Font List986.jpg,
images/font-collection/Font List759.jpg,
images/font-collection/Font List663.jpg,
images/font-collection/Font List817.jpg,
images/font-collection/Font List702.jpg,
images/font-collection/Font List1108.jpg,
images/font-collection/Font List1107.jpg,
images/font-collection/Font List1484.jpg,
images/font-collection/Font List1698.jpg,
images/font-collection/Font List934.jpg,
images/font-collection/Font List478.jpg,
images/font-collection/Font List1007.jpg,
images/font-collection/Font List1006.jpg,
images/font-collection/Font List1035.jpg,
images/font-collection/Font List1498.jpg,
images/font-collection/Font List1473.jpg,
images/font-collection/Font List423.jpg,
images/font-collection/Font List1252.jpg,
images/font-collection/Font List1299.jpg,
images/font-collection/Font List1371.jpg,
images/font-collection/Font List1448.jpg,
images/font-collection/Font List1228.jpg,
images/font-collection/Font List824.jpg,
images/font-collection/Font List210.jpg,
images/font-collection/Font List1130.jpg,
images/font-collection/Font List1363.jpg,
images/font-collection/Font List1093.jpg,
images/font-collection/Font List475.jpg,
images/font-collection/Font List1352.jpg,
images/font-collection/Font List729.jpg,
images/font-collection/Font List1753.jpg,
images/font-collection/Font List1001.jpg,
images/font-collection/Font List1000.jpg,
images/font-collection/Font List330.jpg,
images/font-collection/Font List586.jpg,
images/font-collection/Font List1301.jpg,
images/font-collection/Font List672.jpg,
images/font-collection/Font List1125.jpg,
images/font-collection/Font List19.jpg,
images/font-collection/Font List233.jpg,
images/font-collection/Font List131.jpg,
images/font-collection/Font List571.jpg,
images/font-collection/Font List1335.jpg,
images/font-collection/Font List124.jpg,
images/font-collection/Font List1260.jpg,
images/font-collection/Font List1259.jpg,
images/font-collection/Font List368.jpg,
images/font-collection/Font List868.jpg,
images/font-collection/Font List587.jpg,
images/font-collection/Font List763.jpg,
images/font-collection/Font List246.jpg,
images/font-collection/Font List81.jpg,
images/font-collection/Font List1759.jpg,
images/font-collection/Font List941.jpg,
images/font-collection/Font List1762.jpg,
images/font-collection/Font List734.jpg,
images/font-collection/Font List200.jpg,
images/font-collection/Font List1280.jpg,
images/font-collection/Font List1237.jpg,
images/font-collection/Font List369.jpg,
images/font-collection/Font List857.jpg,
images/font-collection/Font List232.jpg,
images/font-collection/Font List1404.jpg,
images/font-collection/Font List1036.jpg,
images/font-collection/Font List248.jpg,
images/font-collection/Font List1376.jpg,
images/font-collection/Font List136.jpg,
images/font-collection/Font List1271.jpg,
images/font-collection/Font List347.jpg,
images/font-collection/Font List781.jpg,
images/font-collection/Font List656.jpg,
images/font-collection/Font List741.jpg,
images/font-collection/Font List740.jpg,
images/font-collection/Font List1005.jpg,
images/font-collection/Font List1004.jpg,
images/font-collection/Font List1245.jpg,
images/font-collection/Font List780.jpg,
images/font-collection/Font List427.jpg,
images/font-collection/Font List802.jpg,
images/font-collection/Font List782.jpg,
images/font-collection/Font List1749.jpg,
images/font-collection/Font List111.jpg,
images/font-collection/Font List327.jpg,
images/font-collection/Font List1561.jpg,
images/font-collection/Font List555.jpg,
images/font-collection/Font List1712.jpg,
images/font-collection/Font List869.jpg,
images/font-collection/Font List469.jpg,
images/font-collection/Font List1154.jpg,
images/font-collection/Font List933.jpg,
images/font-collection/Font List1547.jpg,
images/font-collection/Font List1742.jpg,
images/font-collection/Font List189.jpg,
images/font-collection/Font List424.jpg,
images/font-collection/Font List1248.jpg,
images/font-collection/Font List1281.jpg,
images/font-collection/Font List1239.jpg,
images/font-collection/Font List220.jpg,
images/font-collection/Font List1023.jpg,
images/font-collection/Font List1365.jpg,
images/font-collection/Font List356.jpg,
images/font-collection/Font List1128.jpg,
images/font-collection/Font List1085.jpg,
images/font-collection/Font List1324.jpg,
images/font-collection/Font List367.jpg,
images/font-collection/Font List1501.jpg,
images/font-collection/Font List1273.jpg,
images/font-collection/Font List632.jpg,
images/font-collection/Font List631.jpg,
images/font-collection/Font List1639.jpg,
images/font-collection/Font List222.jpg,
images/font-collection/Font List221.jpg,
images/font-collection/Font List1600.jpg,
images/font-collection/Font List429.jpg,
images/font-collection/Font List37.jpg,
images/font-collection/Font List36.jpg,
images/font-collection/Font List84.jpg,
images/font-collection/Font List1568.jpg,
images/font-collection/Font List1446.jpg,
images/font-collection/Font List841.jpg,
images/font-collection/Font List1447.jpg,
images/font-collection/Font List1355.jpg,
images/font-collection/Font List804.jpg,
images/font-collection/Font List1403.jpg,
images/font-collection/Font List1514.jpg,
images/font-collection/Font List1513.jpg,
images/font-collection/Font List1512.jpg,
images/font-collection/Font List1117.jpg,
images/font-collection/Font List494.jpg,
images/font-collection/Font List470.jpg,
images/font-collection/Font List1367.jpg,
images/font-collection/Font List151.jpg,
images/font-collection/Font List1092.jpg,
images/font-collection/Font List1570.jpg,
images/font-collection/Font List1739.jpg,
images/font-collection/Font List1565.jpg,
images/font-collection/Font List373.jpg,
images/font-collection/Font List1286.jpg,
images/font-collection/Font List1152.jpg,
images/font-collection/Font List32.jpg,
images/font-collection/Font List123.jpg,
images/font-collection/Font List601.jpg,
images/font-collection/Font List1037.jpg,
images/font-collection/Font List407.jpg,
images/font-collection/Font List239.jpg,
images/font-collection/Font List944.jpg,
images/font-collection/Font List1608.jpg,
images/font-collection/Font List152.jpg,
images/font-collection/Font List585.jpg,
images/font-collection/Font List317.jpg,
images/font-collection/Font List93.jpg,
images/font-collection/Font List187.jpg,
images/font-collection/Font List1581.jpg,
images/font-collection/Font List1531.jpg,
images/font-collection/Font List1370.jpg,
images/font-collection/Font List1075.jpg,
images/font-collection/Font List177.jpg,
images/font-collection/Font List75.jpg,
images/font-collection/Font List1146.jpg,
images/font-collection/Font List1122.jpg,
images/font-collection/Font List1369.jpg,
images/font-collection/Font List1087.jpg,
images/font-collection/Font List1638.jpg,
images/font-collection/Font List1602.jpg,
images/font-collection/Font List270.jpg,
images/font-collection/Font List1444.jpg,
images/font-collection/Font List366.jpg,
images/font-collection/Font List65.jpg,
images/font-collection/Font List1003.jpg,
images/font-collection/Font List1002.jpg,
images/font-collection/Font List639.jpg,
images/font-collection/Font List1485.jpg,
images/font-collection/Font List1276.jpg,
images/font-collection/Font List29.jpg,
images/font-collection/Font List505.jpg,
images/font-collection/Font List1337.jpg,
images/font-collection/Font List1750.jpg,
images/font-collection/Font List365.jpg,
images/font-collection/Font List119.jpg,
images/font-collection/Font List1449.jpg,
images/font-collection/Font List840.jpg,
images/font-collection/Font List1082.jpg,
images/font-collection/Font List3.jpg,
images/font-collection/Font List1714.jpg,
images/font-collection/Font List1235.jpg,
images/font-collection/Font List168.jpg,
images/font-collection/Font List426.jpg,
images/font-collection/Font List1306.jpg,
images/font-collection/Font List342.jpg,
images/font-collection/Font List271.jpg,
images/font-collection/Font List795.jpg,
images/font-collection/Font List724.jpg,
images/font-collection/Font List428.jpg,
images/font-collection/Font List66.jpg,
images/font-collection/Font List409.jpg,
images/font-collection/Font List777.jpg,
images/font-collection/Font List1338.jpg,
images/font-collection/Font List320.jpg,
images/font-collection/Font List1647.jpg,
images/font-collection/Font List594.jpg,
images/font-collection/Font List1025.jpg,
images/font-collection/Font List1024.jpg,
images/font-collection/Font List660.jpg,
images/font-collection/Font List1336.jpg,
images/font-collection/Font List984.jpg,
images/font-collection/Font List1703.jpg,
images/font-collection/Font List1737.jpg,
images/font-collection/Font List943.jpg,
images/font-collection/Font List589.jpg,
images/font-collection/Font List1567.jpg,
images/font-collection/Font List1544.jpg,
images/font-collection/Font List1634.jpg,
images/font-collection/Font List471.jpg,
images/font-collection/Font List1646.jpg,
images/font-collection/Font List776.jpg,
images/font-collection/Font List1272.jpg,
images/font-collection/Font List818.jpg,
images/font-collection/Font List337.jpg,
images/font-collection/Font List1358.jpg,
images/font-collection/Font List1564.jpg,
images/font-collection/Font List1364.jpg,
images/font-collection/Font List1098.jpg,
images/font-collection/Font List1097.jpg,
images/font-collection/Font List1045.jpg,
images/font-collection/Font List127.jpg,
images/font-collection/Font List942.jpg,
images/font-collection/Font List186.jpg,
images/font-collection/Font List392.jpg,
images/font-collection/Font List1539.jpg,
images/font-collection/Font List1757.jpg,
images/font-collection/Font List903.jpg,
images/font-collection/Font List902.jpg,
images/font-collection/Font List549.jpg,
images/font-collection/Font List1038.jpg,
images/font-collection/Font List80.jpg,
images/font-collection/Font List391.jpg,
images/font-collection/Font List554.jpg,
images/font-collection/Font List1373.jpg,
images/font-collection/Font List62.jpg,
images/font-collection/Font List1609.jpg,
images/font-collection/Font List516.jpg,
images/font-collection/Font List791.jpg,
images/font-collection/Font List104.jpg,
images/font-collection/Font List185.jpg,
images/font-collection/Font List188.jpg,
images/font-collection/Font List1113.jpg,
images/font-collection/Font List588.jpg,
images/font-collection/Font List1368.jpg,
images/font-collection/Font List1566.jpg,
images/font-collection/Font List745.jpg,
images/font-collection/Font List608.jpg,
images/font-collection/Font List1258.jpg,
images/font-collection/Font List750.jpg,
images/font-collection/Font List432.jpg,
images/font-collection/Font List313.jpg,
images/font-collection/Font List1569.jpg,
images/font-collection/Font List430.jpg,
images/font-collection/Font List169.jpg,
images/font-collection/Font List378.jpg,
images/font-collection/Font List170.jpg,
images/font-collection/Font List1632.jpg,
images/font-collection/Font List303.jpg,
images/font-collection/Font List1356.jpg,
images/font-collection/Font List646.jpg,
images/font-collection/Font List610.jpg,
images/font-collection/Font List1617.jpg,
images/font-collection/Font List272.jpg,
images/font-collection/Font List1519.jpg,
images/font-collection/Font List607.jpg,
images/font-collection/Font List1135.jpg,
images/font-collection/Font List1669.jpg,
images/font-collection/Font List1443.jpg,
images/font-collection/Font List1372.jpg,
images/font-collection/Font List1668.jpg,
images/font-collection/Font List551.jpg,
images/font-collection/Font List484.jpg,
images/font-collection/Font List1781.jpg,
images/font-collection/Font List609.jpg,
images/font-collection/Font List819.jpg,
images/font-collection/Font List769.jpg,
images/font-collection/Font List1508.jpg,
images/font-collection/Font List738.jpg,
images/font-collection/Font List291.jpg,
images/font-collection/Font List936.jpg,
images/font-collection/Font List1406.jpg,
images/font-collection/Font List1405.jpg,
images/font-collection/Font List1515.jpg,
images/font-collection/Font List793.jpg,
images/font-collection/Font List212.jpg,
images/font-collection/Font List707.jpg,
images/font-collection/Font List1320.jpg,
images/font-collection/Font List771.jpg,
images/font-collection/Font List213.jpg,
images/font-collection/Font List295.jpg,
images/font-collection/Font List1351.jpg,
images/font-collection/Font List411.jpg,
images/font-collection/Font List135.jpg,
images/font-collection/Font List1393.jpg,
images/font-collection/Font List404.jpg,
images/font-collection/Font List410.jpg,
images/font-collection/Font List867.jpg,
images/font-collection/Font List878.jpg,
images/font-collection/Font List645.jpg,
images/font-collection/Font List1450.jpg,
images/font-collection/Font List576.jpg,
images/font-collection/Font List11.jpg,
images/font-collection/Font List64.jpg,
images/font-collection/Font List63.jpg,
images/font-collection/Font List14.jpg,
images/font-collection/Font List629.jpg,
H:\--\images\font-collection,
